seq,stamp,frame_id,latitude,longitude,altitude,utm_easting,utm_northing,zone,letter,hdop,gngga_read,fix_quality
280,1707499625.0,GPS1_Frame,42.33725498333333,-71.08685219333333,15.952,328083.859634474,4689331.429671246,19,T,0.0,"$GNGGA,172705.00,4220.2352990,N,07105.2111316,W,1,02,0.0,15.952,M,-28.727,M,1.0,*52",0
281,1707499626.0,GPS1_Frame,42.337254101666666,-71.086849325,15.638,328084.09353673237,4689331.325969694,19,T,1.4,"$GNGGA,172706.00,4220.2352461,N,07105.2109595,W,5,07,1.4,15.638,M,-28.727,M,1.0,0061*56",0
282,1707499627.0,GPS1_Frame,42.33725326333333,-71.08684817833333,15.475,328084.1857192251,4689331.230560848,19,T,1.3,"$GNGGA,172707.00,4220.2351958,N,07105.2108907,W,1,05,1.3,15.475,M,-28.727,M,2.0,*5B",0
283,1707499628.0,GPS1_Frame,42.337250923333336,-71.08684884,15.246,328084.12483169767,4689330.97205947,19,T,8.6,"$GNGGA,172708.00,4220.2350554,N,07105.2109304,W,5,06,8.6,15.246,M,-28.727,M,1.0,0061*54",0
284,1707499629.0,GPS1_Frame,42.337248753333334,-71.08684910666666,14.941,328084.09694913565,4689330.7316366825,19,T,8.6,"$GNGGA,172709.00,4220.2349252,N,07105.2109464,W,5,07,8.6,14.941,M,-28.727,M,2.0,0061*52",0
285,1707499630.0,GPS1_Frame,42.337247258333335,-71.08684932166666,14.846,328084.0751625288,4689330.5660630325,19,T,8.6,"$GNGGA,172710.00,4220.2348355,N,07105.2109593,W,5,07,8.6,14.846,M,-28.727,M,1.0,0061*51",0
286,1707499631.0,GPS1_Frame,42.33724605,-71.08684890666666,14.55,328084.1060590729,4689330.4310477935,19,T,8.6,"$GNGGA,172711.00,4220.2347630,N,07105.2109344,W,5,07,8.6,14.550,M,-28.727,M,1.0,0061*5F",0
287,1707499632.0,GPS1_Frame,42.33724512333333,-71.086848645,14.267,328084.12509096717,4689330.327619498,19,T,8.6,"$GNGGA,172712.00,4220.2347074,N,07105.2109187,W,5,06,8.6,14.267,M,-28.727,M,2.0,0061*56",0
288,1707499633.0,GPS1_Frame,42.33724442333333,-71.08684918,14.038,328084.0791079215,4689330.250971505,19,T,8.6,"$GNGGA,172713.00,4220.2346654,N,07105.2109508,W,5,07,8.6,14.038,M,-28.727,M,1.0,0061*5B",0
289,1707499634.0,GPS1_Frame,42.33724364333333,-71.08684961166666,13.757,328084.04141988663,4689330.165231202,19,T,8.6,"$GNGGA,172714.00,4220.2346186,N,07105.2109767,W,5,07,8.6,13.757,M,-28.727,M,2.0,0061*55",0
290,1707499635.0,GPS1_Frame,42.33724278,-71.08685042166667,13.373,328083.9723361224,4689330.071002286,19,T,8.6,"$GNGGA,172715.00,4220.2345668,N,07105.2110253,W,5,08,8.6,13.373,M,-28.727,M,1.0,0061*54",0
291,1707499636.0,GPS1_Frame,42.33724200333333,-71.08685118166666,13.02,328083.9076077354,4689329.98629595,19,T,8.6,"$GNGGA,172716.00,4220.2345202,N,07105.2110709,W,5,08,8.6,13.020,M,-28.727,M,1.0,0061*50",0
292,1707499637.0,GPS1_Frame,42.33724142333333,-71.08685201,12.624,328083.8377857085,4689329.923566102,19,T,1.2,"$GNGGA,172717.00,4220.2344854,N,07105.2111206,W,1,06,1.2,12.624,M,-28.727,M,2.0,*52",0
293,1707499638.0,GPS1_Frame,42.33724084166667,-71.08685326666667,12.324,328083.73267129826,4689329.861517194,19,T,8.7,"$GNGGA,172718.00,4220.2344505,N,07105.2111960,W,5,07,8.7,12.324,M,-28.727,M,1.0,0061*57",0
294,1707499639.0,GPS1_Frame,42.33724044,-71.08685486166667,12.042,328083.60017413413,4689329.820139955,19,T,8.7,"$GNGGA,172719.00,4220.2344264,N,07105.2112917,W,5,07,8.7,12.042,M,-28.727,M,2.0,0061*55",0
295,1707499640.0,GPS1_Frame,42.337240398333336,-71.08685684333334,11.795,328083.43680283707,4689329.819519735,19,T,8.7,"$GNGGA,172720.00,4220.2344239,N,07105.2114106,W,5,07,8.7,11.795,M,-28.727,M,1.0,0061*54",0
296,1707499641.0,GPS1_Frame,42.33724026833333,-71.08685862,11.428,328083.2900795561,4689329.808676305,19,T,1.2,"$GNGGA,172721.00,4220.2344161,N,07105.2115172,W,1,06,1.2,11.428,M,-28.727,M,1.0,*52",0
297,1707499642.0,GPS1_Frame,42.337239978333336,-71.08686081,11.102,328083.1088681716,4689329.780901782,19,T,1.3,"$GNGGA,172722.00,4220.2343987,N,07105.2116486,W,5,08,1.3,11.102,M,-28.727,M,2.0,0061*59",0
298,1707499643.0,GPS1_Frame,42.33723655,-71.08685772333334,10.987,328083.3538177005,4689329.393970887,19,T,1.3,"$GNGGA,172723.00,4220.2341930,N,07105.2114634,W,5,08,1.3,10.987,M,-28.727,M,1.0,0061*58",0
299,1707499644.0,GPS1_Frame,42.33723398833333,-71.08685539333334,10.859,328083.53879173973,4689329.104806552,19,T,1.9,"$GNGGA,172724.00,4220.2340393,N,07105.2113236,W,1,06,1.9,10.859,M,-28.727,M,2.0,*5A",0
300,1707499645.0,GPS1_Frame,42.337231511666666,-71.086853385,10.656,328083.6974972209,4689328.82573117,19,T,1.9,"$GNGGA,172725.00,4220.2338907,N,07105.2112031,W,1,06,1.9,10.656,M,-28.727,M,1.0,*55",0
301,1707499646.0,GPS1_Frame,42.33722930333333,-71.086852195,10.458,328083.7895163168,4689328.578106667,19,T,1.5,"$GNGGA,172726.00,4220.2337582,N,07105.2111317,W,5,07,1.5,10.458,M,-28.727,M,1.0,0061*5E",0
302,1707499647.0,GPS1_Frame,42.337227348333336,-71.08685168,10.265,328083.8266165264,4689328.359977615,19,T,1.5,"$GNGGA,172727.00,4220.2336409,N,07105.2111008,W,5,07,1.5,10.265,M,-28.727,M,2.0,0061*5A",0
303,1707499648.0,GPS1_Frame,42.33722573,-71.08685063,10.098,328083.90870967635,4689328.178151163,19,T,1.9,"$GNGGA,172728.00,4220.2335438,N,07105.2110378,W,1,06,1.9,10.098,M,-28.727,M,1.0,*5C",0
304,1707499649.0,GPS1_Frame,42.33722413,-71.086849515,9.958,328083.9962077568,4689327.9982290715,19,T,1.9,"$GNGGA,172729.00,4220.2334478,N,07105.2109709,W,1,06,1.9,9.958,M,-28.727,M,2.0,*6C",0
305,1707499650.0,GPS1_Frame,42.337222295,-71.08684830666667,9.751,328084.0907546231,4689327.7920233235,19,T,1.3,"$GNGGA,172730.00,4220.2333377,N,07105.2108984,W,1,07,1.3,9.751,M,-28.727,M,1.0,*6E",0
306,1707499651.0,GPS1_Frame,42.33722085,-71.08684732333333,9.636,328084.1678278643,4689327.629579006,19,T,1.3,"$GNGGA,172731.00,4220.2332510,N,07105.2108394,W,1,07,1.3,9.636,M,-28.727,M,1.0,*62",0
307,1707499652.0,GPS1_Frame,42.33721949666667,-71.08684635833333,9.548,328084.24364054,4689327.477350636,19,T,1.3,"$GNGGA,172732.00,4220.2331698,N,07105.2107815,W,1,07,1.3,9.548,M,-28.727,M,2.0,*65",0
308,1707499653.0,GPS1_Frame,42.33721824333333,-71.086845525,9.436,328084.3088784863,4689327.33649271,19,T,1.3,"$GNGGA,172733.00,4220.2330946,N,07105.2107315,W,1,07,1.3,9.436,M,-28.727,M,1.0,*69",0
309,1707499654.0,GPS1_Frame,42.337217235,-71.08684528166667,9.382,328084.32617747306,4689327.22403302,19,T,1.5,"$GNGGA,172734.00,4220.2330341,N,07105.2107169,W,5,08,1.5,9.382,M,-28.727,M,2.0,0061*6B",0
310,1707499655.0,GPS1_Frame,42.337216335,-71.08684471333333,9.31,328084.37054650753,4689327.122945839,19,T,1.2,"$GNGGA,172735.00,4220.2329801,N,07105.2106828,W,1,07,1.2,9.310,M,-28.727,M,1.0,*63",0
311,1707499656.0,GPS1_Frame,42.337215555,-71.08684406666667,9.315,328084.4216959771,4689327.035025368,19,T,1.2,"$GNGGA,172736.00,4220.2329333,N,07105.2106440,W,1,07,1.2,9.315,M,-28.727,M,1.0,*6D",0
312,1707499657.0,GPS1_Frame,42.33721496166667,-71.08684355666666,9.33,328084.46209497435,4689326.968109114,19,T,1.2,"$GNGGA,172737.00,4220.2328977,N,07105.2106134,W,1,07,1.2,9.330,M,-28.727,M,2.0,*65",0
313,1707499658.0,GPS1_Frame,42.33721514166667,-71.08684439833333,9.26,328084.39324554487,4689326.989798418,19,T,2.4,"$GNGGA,172738.00,4220.2329085,N,07105.2106639,W,5,08,2.4,9.260,M,-28.727,M,1.0,0061*6B",0
314,1707499659.0,GPS1_Frame,42.337216165,-71.08684774666666,9.138,328084.1201848243,4689327.110201419,19,T,1.3,"$GNGGA,172739.00,4220.2329699,N,07105.2108648,W,5,09,1.3,9.138,M,-28.727,M,2.0,0061*61",0
315,1707499660.0,GPS1_Frame,42.33721671333333,-71.08685027666667,9.0,328083.9132473338,4689327.176204801,19,T,1.3,"$GNGGA,172740.00,4220.2330028,N,07105.2110166,W,5,09,1.3,9.000,M,-28.727,M,1.0,0061*60",0
316,1707499661.0,GPS1_Frame,42.337216721666664,-71.08685085666667,8.908,328083.86548726936,4689327.1783027975,19,T,2.4,"$GNGGA,172741.00,4220.2330033,N,07105.2110514,W,5,08,2.4,8.908,M,-28.727,M,1.0,0061*6F",0
317,1707499662.0,GPS1_Frame,42.33721706666667,-71.08685310666667,8.804,328083.68106322316,4689327.221161469,19,T,1.1,"$GNGGA,172742.00,4220.2330240,N,07105.2111864,W,5,10,1.1,8.804,M,-28.727,M,2.0,0061*60",0
318,1707499663.0,GPS1_Frame,42.337217235,-71.08685495,8.716,328083.52966060623,4689327.243580458,19,T,1.1,"$GNGGA,172743.00,4220.2330341,N,07105.2112970,W,5,10,1.1,8.716,M,-28.727,M,1.0,0061*69",0
319,1707499664.0,GPS1_Frame,42.33721698833333,-71.08685495333333,8.684,328083.52871379675,4689327.216196747,19,T,2.4,"$GNGGA,172744.00,4220.2330193,N,07105.2112972,W,5,08,2.4,8.684,M,-28.727,M,2.0,0061*67",0
320,1707499665.0,GPS1_Frame,42.33721676,-71.08685501333333,8.643,328083.52314851957,4689327.190963382,19,T,2.4,"$GNGGA,172745.00,4220.2330056,N,07105.2113008,W,5,08,2.4,8.643,M,-28.727,M,1.0,0061*63",0
321,1707499666.0,GPS1_Frame,42.33721656833333,-71.086855295,8.573,328083.49942135124,4689327.170249738,19,T,1.3,"$GNGGA,172746.00,4220.2329941,N,07105.2113177,W,5,09,1.3,8.573,M,-28.727,M,1.0,0061*6B",0
322,1707499667.0,GPS1_Frame,42.337216715,-71.08685680333333,8.464,328083.3755583616,4689327.189585508,19,T,1.3,"$GNGGA,172747.00,4220.2330029,N,07105.2114082,W,5,09,1.3,8.464,M,-28.727,M,2.0,0061*6D",0
323,1707499668.0,GPS1_Frame,42.33721692666667,-71.08685854833334,8.376,328083.23237493564,4689327.216617529,19,T,1.1,"$GNGGA,172748.00,4220.2330156,N,07105.2115129,W,5,10,1.1,8.376,M,-28.727,M,1.0,0061*67",0
324,1707499669.0,GPS1_Frame,42.33721677,-71.08685872666666,8.312,328083.21725617175,4689327.199581448,19,T,1.3,"$GNGGA,172749.00,4220.2330062,N,07105.2115236,W,5,09,1.3,8.312,M,-28.727,M,2.0,0061*66",0
325,1707499670.0,GPS1_Frame,42.337216735,-71.08685897,8.248,328083.19711399754,4689327.196186939,19,T,1.3,"$GNGGA,172750.00,4220.2330041,N,07105.2115382,W,5,09,1.3,8.248,M,-28.727,M,1.0,0061*6C",0
326,1707499671.0,GPS1_Frame,42.33721684333333,-71.08685934833333,8.178,328083.16624056967,4689327.208981447,19,T,1.3,"$GNGGA,172751.00,4220.2330106,N,07105.2115609,W,5,09,1.3,8.178,M,-28.727,M,1.0,0061*69",0
327,1707499672.0,GPS1_Frame,42.33721706833333,-71.086859845,8.106,328083.12593628676,4689327.234970144,19,T,1.3,"$GNGGA,172752.00,4220.2330241,N,07105.2115907,W,5,09,1.3,8.106,M,-28.727,M,2.0,0061*61",0
328,1707499673.0,GPS1_Frame,42.33721744666666,-71.08686044833334,8.047,328083.0772622213,4689327.278200996,19,T,1.5,"$GNGGA,172753.00,4220.2330468,N,07105.2116269,W,5,07,1.5,8.047,M,-28.727,M,1.0,0061*62",0
329,1707499674.0,GPS1_Frame,42.337218021666665,-71.08686122166667,7.995,328083.01511880266,4689327.343613891,19,T,1.5,"$GNGGA,172754.00,4220.2330813,N,07105.2116733,W,5,08,1.5,7.995,M,-28.727,M,2.0,0061*6A",0
330,1707499675.0,GPS1_Frame,42.33721828,-71.086861965,7.864,328082.95458395313,4689327.373802715,19,T,1.5,"$GNGGA,172755.00,4220.2330968,N,07105.2117179,W,5,08,1.5,7.864,M,-28.727,M,1.0,0061*63",0
331,1707499676.0,GPS1_Frame,42.33721885,-71.08686295333334,7.709,328082.87471432926,4689327.439095087,19,T,1.5,"$GNGGA,172756.00,4220.2331310,N,07105.2117772,W,5,08,1.5,7.709,M,-28.727,M,1.0,0061*6D",0
332,1707499677.0,GPS1_Frame,42.337219233333336,-71.08686451166666,7.531,328082.7473770876,4689327.484811987,19,T,1.3,"$GNGGA,172757.00,4220.2331540,N,07105.2118707,W,5,09,1.3,7.531,M,-28.727,M,2.0,0061*6F",0
333,1707499678.0,GPS1_Frame,42.33721979166667,-71.08686568333333,7.387,328082.6523719244,4689327.549179534,19,T,1.5,"$GNGGA,172758.00,4220.2331875,N,07105.2119410,W,5,08,1.5,7.387,M,-28.727,M,1.0,0061*60",0
334,1707499679.0,GPS1_Frame,42.337220028333334,-71.08686742666667,7.299,328082.50939394254,4689327.57898426,19,T,1.3,"$GNGGA,172759.00,4220.2332017,N,07105.2120456,W,5,09,1.3,7.299,M,-28.727,M,2.0,0061*6C",0
335,1707499680.0,GPS1_Frame,42.33722033666667,-71.08686930333333,7.184,328082.3556267181,4689327.617016599,19,T,1.3,"$GNGGA,172800.00,4220.2332202,N,07105.2121582,W,5,09,1.3,7.184,M,-28.727,M,1.0,0061*6C",0
336,1707499681.0,GPS1_Frame,42.337220693333336,-71.08687107333333,7.091,328082.21077884827,4689327.660200331,19,T,1.3,"$GNGGA,172801.00,4220.2332416,N,07105.2122644,W,5,09,1.3,7.091,M,-28.727,M,1.0,0061*61",0
337,1707499682.0,GPS1_Frame,42.337221111666665,-71.08687282666666,7.0,328082.06747209624,4689327.710197979,19,T,1.3,"$GNGGA,172802.00,4220.2332667,N,07105.2123696,W,5,09,1.3,7.000,M,-28.727,M,2.0,0061*63",0
338,1707499683.0,GPS1_Frame,42.33722139,-71.08687423166667,6.958,328081.95248095004,4689327.743945433,19,T,1.1,"$GNGGA,172803.00,4220.2332834,N,07105.2124539,W,5,10,1.1,6.958,M,-28.727,M,1.0,0061*67",0
339,1707499684.0,GPS1_Frame,42.33722191,-71.086875555,6.861,328081.84487641236,4689327.804363009,19,T,1.1,"$GNGGA,172804.00,4220.2333146,N,07105.2125333,W,5,10,1.1,6.861,M,-28.727,M,2.0,0061*68",0
340,1707499685.0,GPS1_Frame,42.337222196666666,-71.08687672166667,6.842,328081.7495428545,4689327.838553951,19,T,1.1,"$GNGGA,172805.00,4220.2333318,N,07105.2126033,W,5,10,1.1,6.842,M,-28.727,M,1.0,0061*62",0
341,1707499686.0,GPS1_Frame,42.33722254333333,-71.08687810166667,6.785,328081.6367975319,4689327.879838758,19,T,1.1,"$GNGGA,172806.00,4220.2333526,N,07105.2126861,W,5,10,1.1,6.785,M,-28.727,M,1.0,0061*61",0
342,1707499687.0,GPS1_Frame,42.33722295166667,-71.08687923,6.707,328081.5449535906,4689327.927462354,19,T,1.1,"$GNGGA,172807.00,4220.2333771,N,07105.2127538,W,5,10,1.1,6.707,M,-28.727,M,2.0,0061*69",0
343,1707499688.0,GPS1_Frame,42.337223443333336,-71.086879985,6.584,328081.4840934706,4689327.983584665,19,T,1.1,"$GNGGA,172808.00,4220.2334066,N,07105.2127991,W,5,10,1.1,6.584,M,-28.727,M,1.0,0061*65",0
344,1707499689.0,GPS1_Frame,42.337223925,-71.08688088333334,6.467,328081.4113977133,4689328.038886346,19,T,1.1,"$GNGGA,172809.00,4220.2334355,N,07105.2128530,W,5,10,1.1,6.467,M,-28.727,M,2.0,0061*60",0
345,1707499690.0,GPS1_Frame,42.33722437833333,-71.08688194666667,6.374,328081.32503137074,4689328.091375431,19,T,1.1,"$GNGGA,172810.00,4220.2334627,N,07105.2129168,W,5,10,1.1,6.374,M,-28.727,M,1.0,0061*66",0
346,1707499691.0,GPS1_Frame,42.3372249,-71.08688303,6.324,328081.23720356944,4689328.151492851,19,T,1.1,"$GNGGA,172811.00,4220.2334940,N,07105.2129818,W,5,10,1.1,6.324,M,-28.727,M,1.0,0061*62",0
347,1707499692.0,GPS1_Frame,42.33722556833333,-71.08688424666667,6.238,328081.13879091037,4689328.2281660605,19,T,1.1,"$GNGGA,172812.00,4220.2335341,N,07105.2130548,W,5,10,1.1,6.238,M,-28.727,M,2.0,0061*64",0
348,1707499693.0,GPS1_Frame,42.337226013333336,-71.08688515166666,6.196,328081.06544601265,4689328.279409673,19,T,1.1,"$GNGGA,172813.00,4220.2335608,N,07105.2131091,W,5,11,1.1,6.196,M,-28.727,M,1.0,0061*68",0
349,1707499694.0,GPS1_Frame,42.33722645333334,-71.08688608166666,6.119,328080.990027884,4689328.330148621,19,T,1.1,"$GNGGA,172814.00,4220.2335872,N,07105.2131649,W,5,11,1.1,6.119,M,-28.727,M,2.0,0061*6B",0
350,1707499695.0,GPS1_Frame,42.33722672333333,-71.08688696333333,6.084,328080.9181283775,4689328.3619126445,19,T,1.1,"$GNGGA,172815.00,4220.2336034,N,07105.2132178,W,5,11,1.1,6.084,M,-28.727,M,1.0,0061*63",0
351,1707499696.0,GPS1_Frame,42.33722711,-71.08688795166667,6.052,328080.8377591733,4689328.406847273,19,T,1.1,"$GNGGA,172816.00,4220.2336266,N,07105.2132771,W,5,10,1.1,6.052,M,-28.727,M,1.0,0061*60",0
352,1707499697.0,GPS1_Frame,42.33722758,-71.08688891166666,6.023,328080.75995128136,4689328.460978149,19,T,1.1,"$GNGGA,172817.00,4220.2336548,N,07105.2133347,W,5,10,1.1,6.023,M,-28.727,M,2.0,0061*6F",0
353,1707499698.0,GPS1_Frame,42.33722793333333,-71.08688963833333,6.043,328080.70104840654,4689328.50168232,19,T,1.1,"$GNGGA,172818.00,4220.2336760,N,07105.2133783,W,5,10,1.1,6.043,M,-28.727,M,1.0,0061*61",0
354,1707499699.0,GPS1_Frame,42.337228378333336,-71.08689035666667,6.046,328080.6430818726,4689328.552548528,19,T,1.1,"$GNGGA,172819.00,4220.2337027,N,07105.2134214,W,5,10,1.1,6.046,M,-28.727,M,2.0,0061*6F",0
355,1707499700.0,GPS1_Frame,42.33722867666667,-71.08689105,6.022,328080.5867752512,4689328.587077976,19,T,1.1,"$GNGGA,172820.00,4220.2337206,N,07105.2134630,W,5,10,1.1,6.022,M,-28.727,M,1.0,0061*67",0
356,1707499701.0,GPS1_Frame,42.33722886666666,-71.08689128166667,6.023,328080.56820738723,4689328.6086444175,19,T,1.2,"$GNGGA,172821.00,4220.2337320,N,07105.2134769,W,5,09,1.2,6.023,M,-28.727,M,1.0,0061*64",0
357,1707499702.0,GPS1_Frame,42.337229103333335,-71.08689158166666,5.986,328080.5441371196,4689328.635530997,19,T,2.4,"$GNGGA,172822.00,4220.2337462,N,07105.2134949,W,5,08,2.4,5.986,M,-28.727,M,2.0,0061*68",0
358,1707499703.0,GPS1_Frame,42.33722923166667,-71.08689184833334,5.971,328080.52251776203,4689328.6503205905,19,T,2.4,"$GNGGA,172823.00,4220.2337539,N,07105.2135109,W,5,07,2.4,5.971,M,-28.727,M,1.0,0061*6F",0
359,1707499704.0,GPS1_Frame,42.33722944833333,-71.08689222333334,5.944,328080.4922141837,4689328.67513796,19,T,2.4,"$GNGGA,172824.00,4220.2337669,N,07105.2135334,W,5,07,2.4,5.944,M,-28.727,M,2.0,0061*67",0
360,1707499705.0,GPS1_Frame,42.337229451666666,-71.08689226833333,5.936,328080.48851598706,4689328.675599084,19,T,2.4,"$GNGGA,172825.00,4220.2337671,N,07105.2135361,W,5,07,2.4,5.936,M,-28.727,M,1.0,0061*69",0
361,1707499706.0,GPS1_Frame,42.337229556666664,-71.08689243166667,5.889,328080.4753460628,4689328.687588765,19,T,2.4,"$GNGGA,172826.00,4220.2337734,N,07105.2135459,W,5,07,2.4,5.889,M,-28.727,M,1.0,0061*63",0
362,1707499707.0,GPS1_Frame,42.337229685,-71.08689251333334,5.836,328080.46896775893,4689328.70200432,19,T,2.4,"$GNGGA,172827.00,4220.2337811,N,07105.2135508,W,5,07,2.4,5.836,M,-28.727,M,2.0,0061*68",0
363,1707499708.0,GPS1_Frame,42.33722956166667,-71.08689252,5.831,328080.4680824258,4689328.688322575,19,T,2.4,"$GNGGA,172828.00,4220.2337737,N,07105.2135512,W,5,07,2.4,5.831,M,-28.727,M,1.0,0061*63",0
364,1707499709.0,GPS1_Frame,42.33722948333333,-71.086892595,5.801,328080.46169015113,4689328.679775894,19,T,2.4,"$GNGGA,172829.00,4220.2337690,N,07105.2135557,W,5,07,2.4,5.801,M,-28.727,M,2.0,0061*6F",0
365,1707499710.0,GPS1_Frame,42.33722925166666,-71.08689236166667,5.805,328080.48028177256,4689328.653579317,19,T,2.4,"$GNGGA,172830.00,4220.2337551,N,07105.2135417,W,5,07,2.4,5.805,M,-28.727,M,1.0,0061*6B",0
366,1707499711.0,GPS1_Frame,42.337229046666664,-71.08689129666666,5.755,328080.5674621569,4689328.628662371,19,T,2.4,"$GNGGA,172831.00,4220.2337428,N,07105.2134778,W,4,07,2.4,5.755,M,-28.727,M,1.0,0061*65",0
367,1707499712.0,GPS1_Frame,42.33722904333333,-71.08689130333333,5.755,328080.5669038454,4689328.628305708,19,T,2.4,"$GNGGA,172832.00,4220.2337426,N,07105.2134782,W,4,07,2.4,5.755,M,-28.727,M,2.0,0061*6E",0
368,1707499713.0,GPS1_Frame,42.33722904333333,-71.08689131,5.755,328080.5663546178,4689328.628319187,19,T,2.4,"$GNGGA,172833.00,4220.2337426,N,07105.2134786,W,4,07,2.4,5.755,M,-28.727,M,1.0,0061*68",0
369,1707499714.0,GPS1_Frame,42.337228378333336,-71.08689147166666,5.77,328080.55122362735,4689328.554802879,19,T,2.4,"$GNGGA,172834.00,4220.2337027,N,07105.2134883,W,5,07,2.4,5.770,M,-28.727,M,2.0,0061*65",0
370,1707499715.0,GPS1_Frame,42.33722816833333,-71.08689130833334,5.792,328080.56410740793,4689328.531153749,19,T,1.9,"$GNGGA,172835.00,4220.2336901,N,07105.2134785,W,1,06,1.9,5.792,M,-28.727,M,1.0,*62",0
371,1707499716.0,GPS1_Frame,42.337227793333334,-71.08689050166667,5.845,328080.6295419616,4689328.487881909,19,T,1.5,"$GNGGA,172836.00,4220.2336676,N,07105.2134301,W,4,07,1.5,5.845,M,-28.727,M,1.0,0061*6C",0
372,1707499717.0,GPS1_Frame,42.33722801166667,-71.08689031166666,5.737,328080.645789932,4689328.511742011,19,T,1.5,"$GNGGA,172837.00,4220.2336807,N,07105.2134187,W,5,07,1.5,5.737,M,-28.727,M,2.0,0061*61",0
373,1707499718.0,GPS1_Frame,42.33722791666667,-71.08688987333333,5.723,328080.68164272746,4689328.500306747,19,T,1.5,"$GNGGA,172838.00,4220.2336750,N,07105.2133924,W,5,07,1.5,5.723,M,-28.727,M,1.0,0061*63",0
374,1707499719.0,GPS1_Frame,42.33722778,-71.08688941666666,5.698,328080.71889235335,4689328.484207652,19,T,1.5,"$GNGGA,172839.00,4220.2336668,N,07105.2133650,W,5,07,1.5,5.698,M,-28.727,M,2.0,0061*66",0
375,1707499720.0,GPS1_Frame,42.33722773666667,-71.08688921166667,5.693,328080.7356629976,4689328.478981338,19,T,1.5,"$GNGGA,172840.00,4220.2336642,N,07105.2133527,W,5,07,1.5,5.693,M,-28.727,M,1.0,0061*6B",0
376,1707499721.0,GPS1_Frame,42.33722761666667,-71.08688896666666,5.683,328080.7555200787,4689328.465160903,19,T,1.5,"$GNGGA,172841.00,4220.2336570,N,07105.2133380,W,5,07,1.5,5.683,M,-28.727,M,1.0,0061*62",0
377,1707499722.0,GPS1_Frame,42.33722759333333,-71.08688888333333,5.663,328080.7623218314,4689328.462401427,19,T,1.5,"$GNGGA,172842.00,4220.2336556,N,07105.2133330,W,5,07,1.5,5.663,M,-28.727,M,2.0,0061*63",0
378,1707499723.0,GPS1_Frame,42.337227516666665,-71.086888915,5.654,328080.7595040731,4689328.453952204,19,T,1.5,"$GNGGA,172843.00,4220.2336510,N,07105.2133349,W,5,07,1.5,5.654,M,-28.727,M,1.0,0061*69",0
379,1707499724.0,GPS1_Frame,42.337227508333335,-71.08688913333333,5.635,328080.7414941737,4689328.453468287,19,T,1.5,"$GNGGA,172844.00,4220.2336505,N,07105.2133480,W,5,07,1.5,5.635,M,-28.727,M,2.0,0061*6C",0
380,1707499725.0,GPS1_Frame,42.33722742,-71.08688955,5.618,328080.7069267524,4689328.4445019765,19,T,1.5,"$GNGGA,172845.00,4220.2336452,N,07105.2133730,W,5,07,1.5,5.618,M,-28.727,M,1.0,0061*6A",0
381,1707499726.0,GPS1_Frame,42.337227325,-71.08688993166666,5.6,328080.67522460566,4689328.434724621,19,T,1.5,"$GNGGA,172846.00,4220.2336395,N,07105.2133959,W,5,07,1.5,5.600,M,-28.727,M,1.0,0061*6D",0
382,1707499727.0,GPS1_Frame,42.33722722666667,-71.086890385,5.581,328080.6376091798,4689328.424722022,19,T,1.5,"$GNGGA,172847.00,4220.2336336,N,07105.2134231,W,5,07,1.5,5.581,M,-28.727,M,2.0,0061*6E",0
383,1707499728.0,GPS1_Frame,42.337227041666665,-71.08689089,5.556,328080.59550106706,4689328.405200213,19,T,1.5,"$GNGGA,172848.00,4220.2336225,N,07105.2134534,W,5,07,1.5,5.556,M,-28.727,M,1.0,0061*69",0
384,1707499729.0,GPS1_Frame,42.337226963333336,-71.08689152,5.546,328080.54338562617,4689328.397775656,19,T,1.5,"$GNGGA,172849.00,4220.2336178,N,07105.2134912,W,5,07,1.5,5.546,M,-28.727,M,1.0,0061*6A",0
385,1707499730.0,GPS1_Frame,42.33722692,-71.08689229166667,5.529,328080.47969448596,4689328.394524005,19,T,1.5,"$GNGGA,172850.00,4220.2336152,N,07105.2135375,W,5,07,1.5,5.529,M,-28.727,M,1.0,0061*69",0
386,1707499731.0,GPS1_Frame,42.33722686,-71.08689304333333,5.531,328080.4176056112,4689328.389381215,19,T,1.5,"$GNGGA,172851.00,4220.2336116,N,07105.2135826,W,5,07,1.5,5.531,M,-28.727,M,1.0,0061*6C",0
387,1707499732.0,GPS1_Frame,42.33722700333333,-71.08689398666667,5.498,328080.3402805694,4689328.407204557,19,T,1.5,"$GNGGA,172852.00,4220.2336202,N,07105.2136392,W,5,07,1.5,5.498,M,-28.727,M,1.0,0061*6C",0
388,1707499733.0,GPS1_Frame,42.337227133333336,-71.08689496333334,5.467,328080.2601730566,4689328.423614733,19,T,1.5,"$GNGGA,172853.00,4220.2336280,N,07105.2136978,W,5,07,1.5,5.467,M,-28.727,M,2.0,0061*6A",0
389,1707499734.0,GPS1_Frame,42.337227133333336,-71.08689584,5.443,328080.18794968,4689328.425387217,19,T,1.5,"$GNGGA,172854.00,4220.2336280,N,07105.2137504,W,5,07,1.5,5.443,M,-28.727,M,1.0,0061*6E",0
390,1707499735.0,GPS1_Frame,42.33722723333333,-71.08689684166667,5.409,328080.10570080846,4689328.438516667,19,T,1.5,"$GNGGA,172855.00,4220.2336340,N,07105.2138105,W,5,08,1.5,5.409,M,-28.727,M,2.0,0061*6A",0
391,1707499736.0,GPS1_Frame,42.33722728666667,-71.08689786333333,5.386,328080.02167708403,4689328.446504578,19,T,1.5,"$GNGGA,172856.00,4220.2336372,N,07105.2138718,W,5,07,1.5,5.386,M,-28.727,M,1.0,0061*6E",0
392,1707499737.0,GPS1_Frame,42.337227285,-71.08689886,5.37,328079.9395630752,4689328.448334614,19,T,1.5,"$GNGGA,172857.00,4220.2336371,N,07105.2139316,W,5,07,1.5,5.370,M,-28.727,M,1.0,0061*6E",0
393,1707499738.0,GPS1_Frame,42.33722737833333,-71.08689988666667,5.334,328079.85523643653,4689328.460774333,19,T,1.5,"$GNGGA,172858.00,4220.2336427,N,07105.2139932,W,5,07,1.5,5.334,M,-28.727,M,1.0,0061*69",0
394,1707499739.0,GPS1_Frame,42.33722748833333,-71.08690114,5.346,328079.75228149607,4689328.475523044,19,T,1.5,"$GNGGA,172859.00,4220.2336493,N,07105.2140684,W,4,07,1.5,5.346,M,-28.727,M,2.0,0061*6C",0
395,1707499740.0,GPS1_Frame,42.33722748833333,-71.08690113333333,5.344,328079.7528307216,4689328.475509565,19,T,1.3,"$GNGGA,172900.00,4220.2336493,N,07105.2140680,W,4,08,1.3,5.344,M,-28.727,M,1.0,0061*6D",0
396,1707499741.0,GPS1_Frame,42.337227615,-71.08690306833333,5.244,328079.5937627172,4689328.493487213,19,T,1.3,"$GNGGA,172901.00,4220.2336569,N,07105.2141841,W,5,09,1.3,5.244,M,-28.727,M,1.0,0061*6B",0
397,1707499742.0,GPS1_Frame,42.337227821666666,-71.08690438833334,5.202,328079.4855789355,4689328.519104813,19,T,1.1,"$GNGGA,172902.00,4220.2336693,N,07105.2142633,W,5,10,1.1,5.202,M,-28.727,M,2.0,0061*6D",0
398,1707499743.0,GPS1_Frame,42.337227991666666,-71.086905525,5.174,328079.3923989807,4689328.540280189,19,T,1.1,"$GNGGA,172903.00,4220.2336795,N,07105.2143315,W,5,08,1.1,5.174,M,-28.727,M,1.0,0061*63",0
399,1707499744.0,GPS1_Frame,42.337228233333335,-71.08690642166667,5.143,328079.3191865099,4689328.568928357,19,T,1.2,"$GNGGA,172904.00,4220.2336940,N,07105.2143853,W,5,08,1.2,5.143,M,-28.727,M,2.0,0061*6F",0
400,1707499745.0,GPS1_Frame,42.33722839666667,-71.08690726833333,5.119,328079.24987976864,4689328.588777114,19,T,1.2,"$GNGGA,172905.00,4220.2337038,N,07105.2144361,W,5,08,1.2,5.119,M,-28.727,M,1.0,0061*68",0
401,1707499746.0,GPS1_Frame,42.33722858833333,-71.08690829666666,5.075,328079.16568380257,4689328.612139375,19,T,1.1,"$GNGGA,172906.00,4220.2337153,N,07105.2144978,W,5,09,1.1,5.075,M,-28.727,M,1.0,0061*6C",0
402,1707499747.0,GPS1_Frame,42.33722871,-71.08690905666667,5.028,328079.1034034672,4689328.627186141,19,T,1.3,"$GNGGA,172907.00,4220.2337226,N,07105.2145434,W,5,08,1.3,5.028,M,-28.727,M,2.0,0061*60",0
403,1707499748.0,GPS1_Frame,42.337228898333336,-71.08690975833333,4.985,328079.0461105511,4689328.649517791,19,T,1.3,"$GNGGA,172908.00,4220.2337339,N,07105.2145855,W,5,08,1.3,4.985,M,-28.727,M,1.0,0061*67",0
404,1707499749.0,GPS1_Frame,42.337229015,-71.086910345,4.932,328078.99809649517,4689328.66365889,19,T,1.3,"$GNGGA,172909.00,4220.2337409,N,07105.2146207,W,5,08,1.3,4.932,M,-28.727,M,2.0,0061*63",0
405,1707499750.0,GPS1_Frame,42.33722918666667,-71.08691092833334,4.9,328078.95050694165,4689328.683900581,19,T,1.3,"$GNGGA,172910.00,4220.2337512,N,07105.2146557,W,5,08,1.3,4.900,M,-28.727,M,1.0,0061*60",0
406,1707499751.0,GPS1_Frame,42.33722934833333,-71.08691143833333,4.871,328078.9089316358,4689328.702883577,19,T,1.3,"$GNGGA,172911.00,4220.2337609,N,07105.2146863,W,5,08,1.3,4.871,M,-28.727,M,1.0,0061*65",0
407,1707499752.0,GPS1_Frame,42.33722954833333,-71.08691183833334,4.828,328078.87652304134,4689328.725900795,19,T,1.3,"$GNGGA,172912.00,4220.2337729,N,07105.2147103,W,5,08,1.3,4.828,M,-28.727,M,2.0,0061*64",0
408,1707499753.0,GPS1_Frame,42.33722984166667,-71.08691247,4.789,328078.8252831559,4689328.759750365,19,T,1.0,"$GNGGA,172913.00,4220.2337905,N,07105.2147482,W,5,10,1.0,4.789,M,-28.727,M,1.0,0061*64",0
409,1707499754.0,GPS1_Frame,42.337230185,-71.08691289666666,4.746,328078.7910682643,4689328.798737572,19,T,1.0,"$GNGGA,172914.00,4220.2338111,N,07105.2147738,W,5,10,1.0,4.746,M,-28.727,M,2.0,0061*63",0
410,1707499755.0,GPS1_Frame,42.337230553333335,-71.08691331833333,4.707,328078.75733342615,4689328.840490727,19,T,2.4,"$GNGGA,172915.00,4220.2338332,N,07105.2147991,W,5,07,2.4,4.707,M,-28.727,M,1.0,0061*6B",0
411,1707499756.0,GPS1_Frame,42.337230945,-71.08691372833333,4.667,328078.7246233208,4689328.884811283,19,T,2.4,"$GNGGA,172916.00,4220.2338567,N,07105.2148237,W,5,07,2.4,4.667,M,-28.727,M,1.0,0061*61",0
412,1707499757.0,GPS1_Frame,42.337231355,-71.08691417333333,4.617,328078.68907973554,4689328.931238382,19,T,2.4,"$GNGGA,172917.00,4220.2338813,N,07105.2148504,W,5,07,2.4,4.617,M,-28.727,M,2.0,0061*6D",0
413,1707499758.0,GPS1_Frame,42.33723098666667,-71.08691402166667,4.569,328078.700570874,4689328.890031127,19,T,1.3,"$GNGGA,172918.00,4220.2338592,N,07105.2148413,W,4,08,1.3,4.569,M,-28.727,M,1.0,0061*62",0
414,1707499759.0,GPS1_Frame,42.337231835,-71.08691503,4.567,328078.6198121368,4689328.986270781,19,T,1.3,"$GNGGA,172919.00,4220.2339101,N,07105.2149018,W,5,08,1.3,4.567,M,-28.727,M,2.0,0061*6E",0
415,1707499760.0,GPS1_Frame,42.33723203666667,-71.08691520333333,4.546,328078.6060818132,4689329.00901478,19,T,1.4,"$GNGGA,172920.00,4220.2339222,N,07105.2149122,W,1,06,1.4,4.546,M,-28.727,M,1.0,*64",0
416,1707499761.0,GPS1_Frame,42.33723221666666,-71.08691537666667,4.523,328078.5922924398,4689329.029352862,19,T,1.4,"$GNGGA,172921.00,4220.2339330,N,07105.2149226,W,1,06,1.4,4.523,M,-28.727,M,1.0,*63",0
417,1707499762.0,GPS1_Frame,42.33723249333333,-71.08691567166667,4.491,328078.5687431098,4689329.060671032,19,T,2.4,"$GNGGA,172922.00,4220.2339496,N,07105.2149403,W,5,07,2.4,4.491,M,-28.727,M,2.0,0061*60",0
418,1707499763.0,GPS1_Frame,42.33723262666667,-71.086915775,4.48,328078.56059344916,4689329.075685608,19,T,1.5,"$GNGGA,172923.00,4220.2339576,N,07105.2149465,W,1,06,1.5,4.480,M,-28.727,M,1.0,*6D",0
419,1707499764.0,GPS1_Frame,42.33723275333333,-71.08691603333334,4.468,328078.5396560867,4689329.090273288,19,T,1.5,"$GNGGA,172924.00,4220.2339652,N,07105.2149620,W,5,07,1.5,4.468,M,-28.727,M,2.0,0061*6B",0
420,1707499765.0,GPS1_Frame,42.33723308333333,-71.08691518,4.433,328078.6108564751,4689329.1251919465,19,T,1.3,"$GNGGA,172925.00,4220.2339850,N,07105.2149108,W,5,09,1.3,4.433,M,-28.727,M,1.0,0061*6E",0
421,1707499766.0,GPS1_Frame,42.33723354333333,-71.08691537333333,4.367,328078.59618247964,4689329.17666233,19,T,1.5,"$GNGGA,172926.00,4220.2340126,N,07105.2149224,W,4,07,1.5,4.367,M,-28.727,M,1.0,0061*69",0
422,1707499767.0,GPS1_Frame,42.33723318166667,-71.08691564666667,4.415,328078.57267855306,4689329.137054648,19,T,1.1,"$GNGGA,172927.00,4220.2339909,N,07105.2149388,W,5,09,1.1,4.415,M,-28.727,M,2.0,0061*6E",0
423,1707499768.0,GPS1_Frame,42.337233215,-71.08691587166666,4.413,328078.55423297716,4689329.141210979,19,T,1.1,"$GNGGA,172928.00,4220.2339929,N,07105.2149523,W,5,10,1.1,4.413,M,-28.727,M,1.0,0061*69",0
424,1707499769.0,GPS1_Frame,42.33723346166666,-71.08691469166666,4.382,328078.6521183967,4689329.166215631,19,T,1.1,"$GNGGA,172929.00,4220.2340077,N,07105.2148815,W,5,10,1.1,4.382,M,-28.727,M,2.0,0061*61",0
425,1707499770.0,GPS1_Frame,42.337233491666666,-71.08691474833333,4.382,328078.64753172145,4689329.169661474,19,T,1.3,"$GNGGA,172930.00,4220.2340095,N,07105.2148849,W,5,09,1.3,4.382,M,-28.727,M,1.0,0061*65",0
426,1707499771.0,GPS1_Frame,42.337233381666664,-71.086914715,4.394,328078.6499780838,4689329.15737942,19,T,1.3,"$GNGGA,172931.00,4220.2340029,N,07105.2148829,W,5,09,1.3,4.394,M,-28.727,M,1.0,0061*62",0
427,1707499772.0,GPS1_Frame,42.337233385,-71.086914135,4.388,328078.69776993117,4689329.15657688,19,T,1.0,"$GNGGA,172932.00,4220.2340031,N,07105.2148481,W,5,11,1.0,4.388,M,-28.727,M,2.0,0061*62",0
428,1707499773.0,GPS1_Frame,42.337233491666666,-71.08691351666667,4.369,328078.7490014363,4689329.167171215,19,T,1.0,"$GNGGA,172933.00,4220.2340095,N,07105.2148110,W,5,11,1.0,4.369,M,-28.727,M,1.0,0061*6C",0
429,1707499774.0,GPS1_Frame,42.33723355,-71.08691307166667,4.357,328078.78582131583,4689329.172748957,19,T,1.0,"$GNGGA,172934.00,4220.2340130,N,07105.2147843,W,5,11,1.0,4.357,M,-28.727,M,2.0,0061*6B",0
430,1707499775.0,GPS1_Frame,42.33723358666667,-71.08691252,4.348,328078.8313697861,4689329.175705118,19,T,1.2,"$GNGGA,172935.00,4220.2340152,N,07105.2147512,W,5,08,1.2,4.348,M,-28.727,M,1.0,0061*60",0
431,1707499776.0,GPS1_Frame,42.337233581666666,-71.08691213333333,4.346,328078.863211335,4689329.174368119,19,T,1.1,"$GNGGA,172936.00,4220.2340149,N,07105.2147280,W,5,10,1.1,4.346,M,-28.727,M,1.0,0061*61",0
432,1707499777.0,GPS1_Frame,42.33723353833334,-71.08691177333333,4.343,328078.89275150804,4689329.168828415,19,T,1.1,"$GNGGA,172937.00,4220.2340123,N,07105.2147064,W,5,10,1.1,4.343,M,-28.727,M,2.0,0061*62",0
433,1707499778.0,GPS1_Frame,42.337233485,-71.08691143,4.343,328078.9208913635,4689329.1622119825,19,T,1.1,"$GNGGA,172938.00,4220.2340091,N,07105.2146858,W,5,10,1.1,4.343,M,-28.727,M,1.0,0061*60",0
434,1707499779.0,GPS1_Frame,42.33723346166666,-71.08691117,4.334,328078.9422476356,4689329.159095311,19,T,1.2,"$GNGGA,172939.00,4220.2340077,N,07105.2146702,W,5,09,1.2,4.334,M,-28.727,M,2.0,0061*61",0
435,1707499780.0,GPS1_Frame,42.33723346833333,-71.086911005,4.326,328078.9558591733,4689329.159501986,19,T,1.4,"$GNGGA,172940.00,4220.2340081,N,07105.2146603,W,5,08,1.4,4.326,M,-28.727,M,1.0,0061*61",0
436,1707499781.0,GPS1_Frame,42.33723345166667,-71.08691081333333,4.325,328078.9716040336,4689329.157263757,19,T,1.4,"$GNGGA,172941.00,4220.2340071,N,07105.2146488,W,5,08,1.4,4.325,M,-28.727,M,1.0,0061*6D",0
437,1707499782.0,GPS1_Frame,42.33723349666667,-71.08691072666667,4.322,328078.9788666188,4689329.162085436,19,T,1.4,"$GNGGA,172942.00,4220.2340098,N,07105.2146436,W,5,07,1.4,4.322,M,-28.727,M,2.0,0061*67",0
438,1707499783.0,GPS1_Frame,42.33723351333333,-71.08691078,4.313,328078.9745182224,4689329.164043973,19,T,1.4,"$GNGGA,172943.00,4220.2340108,N,07105.2146468,W,5,07,1.4,4.313,M,-28.727,M,1.0,0061*64",0
439,1707499784.0,GPS1_Frame,42.337233508333334,-71.08691088333333,4.312,328078.96599157684,4689329.163697689,19,T,1.4,"$GNGGA,172944.00,4220.2340105,N,07105.2146530,W,5,07,1.4,4.312,M,-28.727,M,2.0,0061*60",0
440,1707499785.0,GPS1_Frame,42.33723343166667,-71.08691097,4.315,328078.95864269184,4689329.155359669,19,T,1.4,"$GNGGA,172945.00,4220.2340059,N,07105.2146582,W,5,07,1.4,4.315,M,-28.727,M,1.0,0061*64",0
441,1707499786.0,GPS1_Frame,42.337233338333334,-71.08691111166667,4.318,328078.9467172645,4689329.145282145,19,T,1.4,"$GNGGA,172946.00,4220.2340003,N,07105.2146667,W,5,07,1.4,4.318,M,-28.727,M,1.0,0061*6D",0
442,1707499787.0,GPS1_Frame,42.33723319,-71.08691134166666,4.321,328078.9273646914,4689329.129275886,19,T,1.4,"$GNGGA,172947.00,4220.2339914,N,07105.2146805,W,5,08,1.4,4.321,M,-28.727,M,2.0,0061*61",0
443,1707499788.0,GPS1_Frame,42.33723275,-71.08691255666666,4.311,328078.8260689626,4689329.082873806,19,T,1.2,"$GNGGA,172948.00,4220.2339650,N,07105.2147534,W,4,09,1.2,4.311,M,-28.727,M,1.0,0061*69",0
444,1707499789.0,GPS1_Frame,42.33723275,-71.08691255666666,4.311,328078.8260689626,4689329.082873806,19,T,1.2,"$GNGGA,172949.00,4220.2339650,N,07105.2147534,W,4,09,1.2,4.311,M,-28.727,M,2.0,0061*6B",0
445,1707499790.0,GPS1_Frame,42.33723275,-71.08691255666666,4.31,328078.8260689626,4689329.082873806,19,T,1.2,"$GNGGA,172950.00,4220.2339650,N,07105.2147534,W,4,09,1.2,4.310,M,-28.727,M,1.0,0061*61",0
446,1707499791.0,GPS1_Frame,42.33723275,-71.08691255833334,4.31,328078.8259316542,4689329.082877176,19,T,1.4,"$GNGGA,172951.00,4220.2339650,N,07105.2147535,W,4,08,1.4,4.310,M,-28.727,M,1.0,0061*66",0
447,1707499792.0,GPS1_Frame,42.337232748333335,-71.08691256,4.31,328078.82578980585,4689329.082695475,19,T,1.4,"$GNGGA,172952.00,4220.2339649,N,07105.2147536,W,4,08,1.4,4.310,M,-28.727,M,2.0,0061*6D",0
448,1707499793.0,GPS1_Frame,42.337232748333335,-71.08691256,4.31,328078.82578980585,4689329.082695475,19,T,1.4,"$GNGGA,172953.00,4220.2339649,N,07105.2147536,W,4,08,1.4,4.310,M,-28.727,M,1.0,0061*6F",0
449,1707499794.0,GPS1_Frame,42.337232193333335,-71.08691371833334,4.34,328078.7288491077,4689329.023408951,19,T,1.4,"$GNGGA,172954.00,4220.2339316,N,07105.2148231,W,5,08,1.4,4.340,M,-28.727,M,2.0,0061*6F",0
450,1707499795.0,GPS1_Frame,42.33723212,-71.08691414333333,4.339,328078.69363602996,4689329.016125135,19,T,1.4,"$GNGGA,172955.00,4220.2339272,N,07105.2148486,W,5,08,1.4,4.339,M,-28.727,M,1.0,0061*6A",0
451,1707499796.0,GPS1_Frame,42.337232075,-71.08691459833334,4.334,328078.656028641,4689329.0120481765,19,T,1.4,"$GNGGA,172956.00,4220.2339245,N,07105.2148759,W,5,08,1.4,4.334,M,-28.727,M,1.0,0061*61",0
452,1707499797.0,GPS1_Frame,42.33723207,-71.086915,4.328,328078.62292408006,4689329.012305079,19,T,1.4,"$GNGGA,172957.00,4220.2339242,N,07105.2149000,W,5,08,1.4,4.328,M,-28.727,M,2.0,0061*63",0
453,1707499798.0,GPS1_Frame,42.337232013333335,-71.08691545333333,4.33,328078.5854222076,4689329.006929257,19,T,1.4,"$GNGGA,172958.00,4220.2339208,N,07105.2149272,W,5,08,1.4,4.330,M,-28.727,M,1.0,0061*6F",0
454,1707499799.0,GPS1_Frame,42.337231941666666,-71.08691583833334,4.334,328078.5535090307,4689328.999749638,19,T,1.2,"$GNGGA,172959.00,4220.2339165,N,07105.2149503,W,5,09,1.2,4.334,M,-28.727,M,2.0,0061*67",0
455,1707499800.0,GPS1_Frame,42.33723191333333,-71.086916235,4.338,328078.5207528031,4689328.997405444,19,T,1.2,"$GNGGA,173000.00,4220.2339148,N,07105.2149741,W,5,09,1.2,4.338,M,-28.727,M,1.0,0061*67",0
456,1707499801.0,GPS1_Frame,42.337231895,-71.086916625,4.338,328078.4885730528,4689328.996158195,19,T,1.4,"$GNGGA,173001.00,4220.2339137,N,07105.2149975,W,5,08,1.4,4.338,M,-28.727,M,1.0,0061*60",0
457,1707499802.0,GPS1_Frame,42.337231863333336,-71.08691686,4.336,328078.46912649856,4689328.993116991,19,T,1.4,"$GNGGA,173002.00,4220.2339118,N,07105.2150116,W,5,08,1.4,4.336,M,-28.727,M,2.0,0061*66",0
458,1707499803.0,GPS1_Frame,42.337231876666664,-71.08691718833333,4.333,328078.44211339636,4689328.995261402,19,T,1.4,"$GNGGA,173003.00,4220.2339126,N,07105.2150313,W,5,08,1.4,4.333,M,-28.727,M,1.0,0061*6B",0
459,1707499804.0,GPS1_Frame,42.337231851666665,-71.08691742333333,4.332,328078.42268501,4689328.99296048,19,T,1.4,"$GNGGA,173004.00,4220.2339111,N,07105.2150454,W,5,08,1.4,4.332,M,-28.727,M,2.0,0061*6E",0
460,1707499805.0,GPS1_Frame,42.337231843333335,-71.08691782833333,4.33,328078.38929674804,4689328.992853983,19,T,1.2,"$GNGGA,173005.00,4220.2339106,N,07105.2150697,W,5,09,1.2,4.330,M,-28.727,M,1.0,0061*62",0
461,1707499806.0,GPS1_Frame,42.33723182833333,-71.086918145,4.328,328078.3631675807,4689328.9918286055,19,T,1.2,"$GNGGA,173006.00,4220.2339097,N,07105.2150887,W,5,09,1.2,4.328,M,-28.727,M,1.0,0061*6E",0
462,1707499807.0,GPS1_Frame,42.337231773333336,-71.08691837166667,4.323,328078.3443439703,4689328.986179566,19,T,1.2,"$GNGGA,173007.00,4220.2339064,N,07105.2151023,W,5,09,1.2,4.323,M,-28.727,M,2.0,0061*6C",0
463,1707499808.0,GPS1_Frame,42.33723178666666,-71.08691864833334,4.321,328078.32158738014,4689328.988219512,19,T,1.2,"$GNGGA,173008.00,4220.2339072,N,07105.2151189,W,5,09,1.2,4.321,M,-28.727,M,1.0,0061*64",0
464,1707499809.0,GPS1_Frame,42.33723184833333,-71.08691892833333,4.316,328078.2986878951,4689328.995633248,19,T,1.2,"$GNGGA,173009.00,4220.2339109,N,07105.2151357,W,5,09,1.2,4.316,M,-28.727,M,1.0,0061*6D",0
465,1707499810.0,GPS1_Frame,42.337231906666666,-71.08691917666667,4.309,328078.27838815347,4689329.002612817,19,T,1.2,"$GNGGA,173010.00,4220.2339144,N,07105.2151506,W,5,09,1.2,4.309,M,-28.727,M,2.0,0061*63",0
466,1707499811.0,GPS1_Frame,42.33723194,-71.0869194,4.316,328078.2600798815,4689329.006765779,19,T,1.2,"$GNGGA,173011.00,4220.2339164,N,07105.2151640,W,5,09,1.2,4.316,M,-28.727,M,1.0,0061*6C",0
467,1707499812.0,GPS1_Frame,42.33723202,-71.08691961833334,4.316,328078.24231070885,4689329.01609061,19,T,1.2,"$GNGGA,173012.00,4220.2339212,N,07105.2151771,W,5,09,1.2,4.316,M,-28.727,M,2.0,0061*6D",0
468,1707499813.0,GPS1_Frame,42.337232025,-71.08691979833333,4.325,328078.22749520116,4689329.017009757,19,T,1.2,"$GNGGA,173013.00,4220.2339215,N,07105.2151879,W,5,09,1.2,4.325,M,-28.727,M,1.0,0061*6F",0
469,1707499814.0,GPS1_Frame,42.337232031666666,-71.08691995833334,4.33,328078.2143319181,4689329.018073539,19,T,1.2,"$GNGGA,173014.00,4220.2339219,N,07105.2151975,W,5,09,1.2,4.330,M,-28.727,M,2.0,0061*6E",0
470,1707499815.0,GPS1_Frame,42.337232055,-71.08692011666666,4.334,328078.20135136147,4689329.020984656,19,T,1.2,"$GNGGA,173015.00,4220.2339233,N,07105.2152070,W,5,09,1.2,4.334,M,-28.727,M,1.0,0061*6F",0
471,1707499816.0,GPS1_Frame,42.33723207833334,-71.08692027666666,4.341,328078.1882334985,4689329.0238991445,19,T,1.2,"$GNGGA,173016.00,4220.2339247,N,07105.2152166,W,5,10,1.2,4.341,M,-28.727,M,1.0,0061*63",0
472,1707499817.0,GPS1_Frame,42.337232125,-71.086920415,4.344,328078.17696421035,4689329.029360812,19,T,1.2,"$GNGGA,173017.00,4220.2339275,N,07105.2152249,W,5,09,1.2,4.344,M,-28.727,M,2.0,0061*63",0
473,1707499818.0,GPS1_Frame,42.33723216833334,-71.08692052666666,4.35,328078.16788274643,4689329.034398425,19,T,1.2,"$GNGGA,173018.00,4220.2339301,N,07105.2152316,W,5,10,1.2,4.350,M,-28.727,M,1.0,0061*6B",0
474,1707499819.0,GPS1_Frame,42.337232245,-71.08692065833333,4.354,328078.1572444419,4689329.043177887,19,T,1.2,"$GNGGA,173019.00,4220.2339347,N,07105.2152395,W,5,09,1.2,4.354,M,-28.727,M,2.0,0061*6C",0
475,1707499820.0,GPS1_Frame,42.33723228,-71.08692073166667,4.366,328078.1512983271,4689329.047212639,19,T,1.2,"$GNGGA,173020.00,4220.2339368,N,07105.2152439,W,5,09,1.2,4.366,M,-28.727,M,1.0,0061*68",0
476,1707499821.0,GPS1_Frame,42.33723229833333,-71.08692087333333,4.376,328078.13967721234,4689329.049534847,19,T,1.2,"$GNGGA,173021.00,4220.2339379,N,07105.2152524,W,5,09,1.2,4.376,M,-28.727,M,1.0,0061*65",0
477,1707499822.0,GPS1_Frame,42.33723232,-71.08692098666667,4.385,328078.13039939397,4689329.05216991,19,T,1.2,"$GNGGA,173022.00,4220.2339392,N,07105.2152592,W,5,09,1.2,4.385,M,-28.727,M,2.0,0061*61",0
478,1707499823.0,GPS1_Frame,42.337232325,-71.08692105666667,4.396,328078.12464613584,4689329.052866654,19,T,1.2,"$GNGGA,173023.00,4220.2339395,N,07105.2152634,W,5,09,1.2,4.396,M,-28.727,M,1.0,0061*69",0
479,1707499824.0,GPS1_Frame,42.33723232166667,-71.08692107333333,4.406,328078.123263984,4689329.052530209,19,T,1.2,"$GNGGA,173024.00,4220.2339393,N,07105.2152644,W,5,09,1.2,4.406,M,-28.727,M,2.0,0061*62",0
480,1707499825.0,GPS1_Frame,42.337232263333334,-71.086921155,4.424,328078.1163769811,4689329.046217856,19,T,1.2,"$GNGGA,173025.00,4220.2339358,N,07105.2152693,W,5,09,1.2,4.424,M,-28.727,M,1.0,0061*6D",0
481,1707499826.0,GPS1_Frame,42.33723222166667,-71.08692122833334,4.438,328078.1102219342,4689329.041739362,19,T,1.2,"$GNGGA,173026.00,4220.2339333,N,07105.2152737,W,5,09,1.2,4.438,M,-28.727,M,1.0,0061*61",0
482,1707499827.0,GPS1_Frame,42.33723214,-71.08692127166667,4.453,328078.106429398,4689329.032758516,19,T,1.2,"$GNGGA,173027.00,4220.2339284,N,07105.2152763,W,5,09,1.2,4.453,M,-28.727,M,2.0,0061*62",0
483,1707499828.0,GPS1_Frame,42.337232105,-71.08692134,4.468,328078.10070443817,4689329.029010194,19,T,1.2,"$GNGGA,173028.00,4220.2339263,N,07105.2152804,W,5,09,1.2,4.468,M,-28.727,M,1.0,0061*61",0
484,1707499829.0,GPS1_Frame,42.33723205,-71.086921335,4.481,328078.10096647125,4689329.022892754,19,T,1.2,"$GNGGA,173029.00,4220.2339230,N,07105.2152801,W,5,09,1.2,4.481,M,-28.727,M,2.0,0061*67",0
485,1707499830.0,GPS1_Frame,42.33723202,-71.08692137166666,4.497,328078.0978639668,4689329.01963562,19,T,1.2,"$GNGGA,173030.00,4220.2339212,N,07105.2152823,W,5,09,1.2,4.497,M,-28.727,M,1.0,0061*6B",0
486,1707499831.0,GPS1_Frame,42.337231985,-71.08692173666667,4.513,328078.0676983982,4689329.016487119,19,T,1.1,"$GNGGA,173031.00,4220.2339191,N,07105.2153042,W,5,10,1.1,4.513,M,-28.727,M,1.0,0061*6A",0
487,1707499832.0,GPS1_Frame,42.337231986666666,-71.08692192,4.521,328078.0525991937,4689329.017042865,19,T,1.2,"$GNGGA,173032.00,4220.2339192,N,07105.2153152,W,5,09,1.2,4.521,M,-28.727,M,2.0,0061*63",0
488,1707499833.0,GPS1_Frame,42.33723201,-71.08692205166666,4.536,328078.0418155453,4689329.019900068,19,T,1.2,"$GNGGA,173033.00,4220.2339206,N,07105.2153231,W,5,09,1.2,4.536,M,-28.727,M,1.0,0061*6F",0
489,1707499834.0,GPS1_Frame,42.33723207166667,-71.086922265,4.545,328078.02440833,4689329.027179012,19,T,1.2,"$GNGGA,173034.00,4220.2339243,N,07105.2153359,W,5,09,1.2,4.545,M,-28.727,M,2.0,0061*61",0
490,1707499835.0,GPS1_Frame,42.337232125,-71.08692244166667,4.552,328078.0099991531,4689329.033458468,19,T,1.2,"$GNGGA,173035.00,4220.2339275,N,07105.2153465,W,5,09,1.2,4.552,M,-28.727,M,1.0,0061*68",0
491,1707499836.0,GPS1_Frame,42.33723216166667,-71.086922625,4.562,328077.9949953329,4689329.037900697,19,T,1.2,"$GNGGA,173036.00,4220.2339297,N,07105.2153575,W,5,09,1.2,4.562,M,-28.727,M,1.0,0061*64",0
492,1707499837.0,GPS1_Frame,42.33723219,-71.08692271,4.57,328077.9880698992,4689329.041218758,19,T,1.2,"$GNGGA,173037.00,4220.2339314,N,07105.2153626,W,5,09,1.2,4.570,M,-28.727,M,2.0,0061*6A",0
493,1707499838.0,GPS1_Frame,42.337232181666664,-71.08692284833333,4.584,328077.9766507272,4689329.040573097,19,T,1.2,"$GNGGA,173038.00,4220.2339309,N,07105.2153709,W,5,09,1.2,4.584,M,-28.727,M,1.0,0061*6D",0
494,1707499839.0,GPS1_Frame,42.337232248333336,-71.086922835,4.588,328077.9779308626,4689329.047948964,19,T,1.2,"$GNGGA,173039.00,4220.2339349,N,07105.2153701,W,5,09,1.2,4.588,M,-28.727,M,1.0,0061*6C",0
495,1707499840.0,GPS1_Frame,42.337232315,-71.08692285666666,4.592,328077.97632755374,4689329.055395595,19,T,1.2,"$GNGGA,173040.00,4220.2339389,N,07105.2153714,W,5,09,1.2,4.592,M,-28.727,M,1.0,0061*61",0
496,1707499841.0,GPS1_Frame,42.337232405,-71.08692270333333,4.591,328077.9892050475,4689329.065079387,19,T,1.4,"$GNGGA,173041.00,4220.2339443,N,07105.2153622,W,5,08,1.4,4.591,M,-28.727,M,1.0,0061*61",0
497,1707499842.0,GPS1_Frame,42.337232568333334,-71.08692211333333,4.579,328078.03825676604,4689329.082023404,19,T,1.4,"$GNGGA,173042.00,4220.2339541,N,07105.2153268,W,5,08,1.4,4.579,M,-28.727,M,2.0,0061*6E",0
498,1707499843.0,GPS1_Frame,42.33723272,-71.08692148,4.568,328078.09084666637,4689329.097584311,19,T,1.4,"$GNGGA,173043.00,4220.2339632,N,07105.2152888,W,5,08,1.4,4.568,M,-28.727,M,1.0,0061*6E",0
499,1707499844.0,GPS1_Frame,42.337232848333336,-71.08692091333333,4.556,328078.13788070926,4689329.110689022,19,T,1.4,"$GNGGA,173044.00,4220.2339709,N,07105.2152548,W,5,08,1.4,4.556,M,-28.727,M,2.0,0061*6F",0
500,1707499845.0,GPS1_Frame,42.33723292,-71.08692064666667,4.548,328078.1600451007,4689329.118107893,19,T,1.2,"$GNGGA,173045.00,4220.2339752,N,07105.2152388,W,1,07,1.2,4.548,M,-28.727,M,1.0,*6C",0
501,1707499846.0,GPS1_Frame,42.337232985,-71.08692046166667,4.539,328078.17546329135,4689329.124951602,19,T,1.2,"$GNGGA,173046.00,4220.2339791,N,07105.2152277,W,1,07,1.2,4.539,M,-28.727,M,1.0,*67",0
502,1707499847.0,GPS1_Frame,42.337233043333335,-71.086920215,4.53,328078.19594366604,4689329.130930345,19,T,1.2,"$GNGGA,173047.00,4220.2339826,N,07105.2152129,W,1,07,1.2,4.530,M,-28.727,M,2.0,*67",0
503,1707499848.0,GPS1_Frame,42.33723311166667,-71.086920095,4.524,328078.2060159756,4689329.138275617,19,T,1.2,"$GNGGA,173048.00,4220.2339867,N,07105.2152057,W,1,07,1.2,4.524,M,-28.727,M,1.0,*63",0
504,1707499849.0,GPS1_Frame,42.337233168333334,-71.086919965,4.519,328078.2168803335,4689329.144305173,19,T,1.7,"$GNGGA,173049.00,4220.2339901,N,07105.2151979,W,1,06,1.7,4.519,M,-28.727,M,2.0,*6C",0
505,1707499850.0,GPS1_Frame,42.33723325333333,-71.08691982833334,4.509,328078.2283711308,4689329.153467453,19,T,1.7,"$GNGGA,173050.00,4220.2339952,N,07105.2151897,W,1,06,1.7,4.509,M,-28.727,M,1.0,*61",0
506,1707499851.0,GPS1_Frame,42.33723336166667,-71.08691971166667,4.498,328078.23827783763,4689329.165261158,19,T,1.7,"$GNGGA,173051.00,4220.2340017,N,07105.2151827,W,1,06,1.7,4.498,M,-28.727,M,1.0,*64",0
507,1707499852.0,GPS1_Frame,42.33723345333333,-71.08691960166666,4.488,328078.24758989475,4689329.175217637,19,T,1.7,"$GNGGA,173052.00,4220.2340072,N,07105.2151761,W,1,06,1.7,4.488,M,-28.727,M,2.0,*6B",0
508,1707499853.0,GPS1_Frame,42.33723357,-71.08691950833334,4.475,328078.2555970161,4689329.187983872,19,T,1.7,"$GNGGA,173053.00,4220.2340142,N,07105.2151705,W,1,06,1.7,4.475,M,-28.727,M,1.0,*6B",0
509,1707499854.0,GPS1_Frame,42.33723365666667,-71.08691949166666,4.468,328078.2572062678,4689329.197573847,19,T,1.2,"$GNGGA,173054.00,4220.2340194,N,07105.2151695,W,1,06,1.2,4.468,M,-28.727,M,2.0,*65",0
510,1707499855.0,GPS1_Frame,42.33723375333334,-71.08691941666666,4.458,328078.2636485089,4689329.208156302,19,T,1.2,"$GNGGA,173055.00,4220.2340252,N,07105.2151650,W,1,06,1.2,4.458,M,-28.727,M,1.0,*64",0
511,1707499856.0,GPS1_Frame,42.337233835,-71.08691934166667,4.448,328078.270049872,4689329.21707312,19,T,1.2,"$GNGGA,173056.00,4220.2340301,N,07105.2151605,W,1,06,1.2,4.448,M,-28.727,M,1.0,*61",0
512,1707499857.0,GPS1_Frame,42.337233911666665,-71.08691931166666,4.44,328078.2727303267,4689329.225525713,19,T,1.2,"$GNGGA,173057.00,4220.2340347,N,07105.2151587,W,1,06,1.2,4.440,M,-28.727,M,2.0,*60",0
513,1707499858.0,GPS1_Frame,42.33723393333333,-71.08691931166666,4.439,328078.2727893726,4689329.227931632,19,T,1.4,"$GNGGA,173058.00,4220.2340360,N,07105.2151587,W,5,07,1.4,4.439,M,-28.727,M,1.0,0061*63",0
514,1707499859.0,GPS1_Frame,42.33723395333333,-71.08691944166667,4.434,328078.2621339469,4689329.230415322,19,T,1.4,"$GNGGA,173059.00,4220.2340372,N,07105.2151665,W,5,07,1.4,4.434,M,-28.727,M,2.0,0061*60",0
515,1707499860.0,GPS1_Frame,42.337234,-71.08691951666667,4.43,328078.25608231546,4689329.235748938,19,T,1.4,"$GNGGA,173100.00,4220.2340400,N,07105.2151710,W,5,06,1.4,4.430,M,-28.727,M,1.0,0061*6A",0
516,1707499861.0,GPS1_Frame,42.33723405,-71.08691964833334,4.425,328078.24537133926,4689329.241567269,19,T,1.4,"$GNGGA,173101.00,4220.2340430,N,07105.2151789,W,5,06,1.4,4.425,M,-28.727,M,1.0,0061*6C",0
517,1707499862.0,GPS1_Frame,42.33723411,-71.08691987166667,4.42,328078.2271357442,4689329.248681359,19,T,1.2,"$GNGGA,173102.00,4220.2340466,N,07105.2151923,W,5,09,1.2,4.420,M,-28.727,M,2.0,0061*6D",0
518,1707499863.0,GPS1_Frame,42.337234145,-71.08692000666667,4.418,328078.2161092752,4689329.252840795,19,T,1.2,"$GNGGA,173103.00,4220.2340487,N,07105.2152004,W,5,09,1.2,4.418,M,-28.727,M,1.0,0061*64",0
519,1707499864.0,GPS1_Frame,42.337234165,-71.08692014166667,4.418,328078.2050419303,4689329.255334595,19,T,1.2,"$GNGGA,173104.00,4220.2340499,N,07105.2152085,W,5,09,1.2,4.418,M,-28.727,M,1.0,0061*65",0
520,1707499865.0,GPS1_Frame,42.33723418666667,-71.08692035166666,4.416,328078.1878003223,4689329.258165104,19,T,1.2,"$GNGGA,173105.00,4220.2340512,N,07105.2152211,W,5,08,1.2,4.416,M,-28.727,M,2.0,0061*65",0
521,1707499866.0,GPS1_Frame,42.337234198333334,-71.08692057,4.416,328078.1698449263,4689329.2599020405,19,T,1.2,"$GNGGA,173106.00,4220.2340519,N,07105.2152342,W,5,07,1.2,4.416,M,-28.727,M,1.0,0061*66",0
522,1707499867.0,GPS1_Frame,42.33723423166666,-71.08692082666667,4.417,328078.14879052155,4689329.2641223995,19,T,1.2,"$GNGGA,173107.00,4220.2340539,N,07105.2152496,W,5,07,1.2,4.417,M,-28.727,M,2.0,0061*69",0
523,1707499868.0,GPS1_Frame,42.33723422166667,-71.08692097666666,4.42,328078.13640565926,4689329.263315256,19,T,1.2,"$GNGGA,173108.00,4220.2340533,N,07105.2152586,W,5,08,1.2,4.420,M,-28.727,M,1.0,0061*64",0
524,1707499869.0,GPS1_Frame,42.337234195,-71.086921175,4.424,328078.1199934799,4689329.260755131,19,T,1.2,"$GNGGA,173109.00,4220.2340517,N,07105.2152705,W,5,09,1.2,4.424,M,-28.727,M,2.0,0061*6C",0
525,1707499870.0,GPS1_Frame,42.33723416,-71.08692130666667,4.429,328078.1090508617,4689329.25713486,19,T,1.2,"$GNGGA,173110.00,4220.2340496,N,07105.2152784,W,5,08,1.2,4.429,M,-28.727,M,1.0,0061*6A",0
526,1707499871.0,GPS1_Frame,42.337234125,-71.08692143666667,4.433,328078.09824554983,4689329.253511221,19,T,1.2,"$GNGGA,173111.00,4220.2340475,N,07105.2152862,W,5,08,1.2,4.433,M,-28.727,M,1.0,0061*6A",0
527,1707499872.0,GPS1_Frame,42.337234083333335,-71.08692156333333,4.436,328078.0876966849,4689329.249140559,19,T,1.2,"$GNGGA,173112.00,4220.2340450,N,07105.2152938,W,5,09,1.2,4.436,M,-28.727,M,1.0,0061*64",0
528,1707499873.0,GPS1_Frame,42.33723402,-71.08692165833334,4.442,328078.0796976031,4689329.242299953,19,T,1.2,"$GNGGA,173113.00,4220.2340412,N,07105.2152995,W,5,09,1.2,4.442,M,-28.727,M,2.0,0061*64",0
529,1707499874.0,GPS1_Frame,42.33723396166667,-71.08692176,4.449,328078.07116291975,4689329.236028039,19,T,1.2,"$GNGGA,173114.00,4220.2340377,N,07105.2153056,W,5,09,1.2,4.449,M,-28.727,M,1.0,0061*68",0
530,1707499875.0,GPS1_Frame,42.33723393333333,-71.08692186333333,4.456,328078.06257268396,4689329.233090766,19,T,1.2,"$GNGGA,173115.00,4220.2340360,N,07105.2153118,W,5,09,1.2,4.456,M,-28.727,M,2.0,0061*69",0
531,1707499876.0,GPS1_Frame,42.33723388833333,-71.08692197,4.466,328078.0536624154,4689329.228309524,19,T,1.2,"$GNGGA,173116.00,4220.2340333,N,07105.2153182,W,5,09,1.2,4.466,M,-28.727,M,1.0,0061*6F",0
532,1707499877.0,GPS1_Frame,42.337233833333336,-71.08692203666666,4.478,328078.0480202581,4689329.222336986,19,T,1.2,"$GNGGA,173117.00,4220.2340300,N,07105.2153222,W,5,09,1.2,4.478,M,-28.727,M,2.0,0061*6B",0
533,1707499878.0,GPS1_Frame,42.33723376166667,-71.08692203166666,4.491,328078.0482368731,4689329.214368841,19,T,1.2,"$GNGGA,173118.00,4220.2340257,N,07105.2153219,W,5,09,1.2,4.491,M,-28.727,M,1.0,0061*6B",0
534,1707499879.0,GPS1_Frame,42.3372337,-71.086922,4.499,328078.0506776462,4689329.207457202,19,T,1.2,"$GNGGA,173119.00,4220.2340220,N,07105.2153200,W,5,08,1.2,4.499,M,-28.727,M,2.0,0061*68",0
535,1707499880.0,GPS1_Frame,42.33723363,-71.08692199666666,4.508,328078.0507614969,4689329.199677497,19,T,1.2,"$GNGGA,173120.00,4220.2340178,N,07105.2153198,W,5,09,1.2,4.508,M,-28.727,M,1.0,0061*65",0
536,1707499881.0,GPS1_Frame,42.337233585,-71.086922,4.517,328078.050364248,4689329.194687331,19,T,1.2,"$GNGGA,173121.00,4220.2340151,N,07105.2153200,W,5,09,1.2,4.517,M,-28.727,M,1.0,0061*63",0
537,1707499882.0,GPS1_Frame,42.337233528333336,-71.08692198666667,4.528,328078.05130827497,4689329.188367971,19,T,1.2,"$GNGGA,173122.00,4220.2340117,N,07105.2153192,W,5,09,1.2,4.528,M,-28.727,M,2.0,0061*65",0
538,1707499883.0,GPS1_Frame,42.337233465,-71.08692203166666,4.54,328078.0474283966,4689329.181426272,19,T,1.2,"$GNGGA,173123.00,4220.2340079,N,07105.2153219,W,5,09,1.2,4.540,M,-28.727,M,1.0,0061*60",0
539,1707499884.0,GPS1_Frame,42.33723343166667,-71.0869221,4.55,328078.0417079767,4689329.177863022,19,T,1.2,"$GNGGA,173124.00,4220.2340059,N,07105.2153260,W,5,09,1.2,4.550,M,-28.727,M,2.0,0061*69",0
540,1707499885.0,GPS1_Frame,42.337233405,-71.08692211666667,4.563,328078.04026223684,4689329.174935589,19,T,1.2,"$GNGGA,173125.00,4220.2340043,N,07105.2153270,W,5,09,1.2,4.563,M,-28.727,M,1.0,0061*61",0
541,1707499886.0,GPS1_Frame,42.33723338666667,-71.08692216,4.571,328078.0366422989,4689329.172987427,19,T,1.2,"$GNGGA,173126.00,4220.2340032,N,07105.2153296,W,5,09,1.2,4.571,M,-28.727,M,1.0,0061*6F",0
542,1707499887.0,GPS1_Frame,42.33723337666667,-71.0869222,4.577,328078.0333196836,4689329.171957878,19,T,1.2,"$GNGGA,173127.00,4220.2340026,N,07105.2153320,W,5,09,1.2,4.577,M,-28.727,M,2.0,0061*62",0
543,1707499888.0,GPS1_Frame,42.337233345,-71.08692224666666,4.588,328078.02938879695,4689329.16853589,19,T,1.2,"$GNGGA,173128.00,4220.2340007,N,07105.2153348,W,5,09,1.2,4.588,M,-28.727,M,1.0,0061*63",0
544,1707499889.0,GPS1_Frame,42.337233325,-71.08692228,4.593,328078.0265881552,4689329.166382438,19,T,1.2,"$GNGGA,173129.00,4220.2339995,N,07105.2153368,W,5,09,1.2,4.593,M,-28.727,M,2.0,0061*65",0
545,1707499890.0,GPS1_Frame,42.337233323333336,-71.086922295,4.599,328078.0253478538,4689329.1662276955,19,T,1.2,"$GNGGA,173130.00,4220.2339994,N,07105.2153377,W,5,09,1.2,4.599,M,-28.727,M,1.0,0061*6B",0
546,1707499891.0,GPS1_Frame,42.337233313333336,-71.08692225666667,4.606,328078.0284786586,4689329.1650397675,19,T,1.2,"$GNGGA,173131.00,4220.2339988,N,07105.2153354,W,5,09,1.2,4.606,M,-28.727,M,1.0,0061*63",0
547,1707499892.0,GPS1_Frame,42.33723330666667,-71.08692220666667,4.611,328078.03257969196,4689329.164198392,19,T,1.2,"$GNGGA,173132.00,4220.2339984,N,07105.2153324,W,5,09,1.2,4.611,M,-28.727,M,2.0,0061*6E",0
548,1707499893.0,GPS1_Frame,42.337233321666666,-71.08692219,4.616,328078.0339936399,4689329.165830329,19,T,1.2,"$GNGGA,173133.00,4220.2339993,N,07105.2153314,W,5,09,1.2,4.616,M,-28.727,M,1.0,0061*6E",0
549,1707499894.0,GPS1_Frame,42.337233313333336,-71.086922145,4.622,328078.03767821006,4689329.164813992,19,T,1.2,"$GNGGA,173134.00,4220.2339988,N,07105.2153287,W,5,09,1.2,4.622,M,-28.727,M,2.0,0061*6C",0
550,1707499895.0,GPS1_Frame,42.337233313333336,-71.08692216833333,4.63,328078.03575591685,4689329.164861169,19,T,1.2,"$GNGGA,173135.00,4220.2339988,N,07105.2153301,W,5,08,1.2,4.630,M,-28.727,M,1.0,0061*63",0
551,1707499896.0,GPS1_Frame,42.33723331666667,-71.086922225,4.639,328078.03109657194,4689329.165345884,19,T,1.2,"$GNGGA,173136.00,4220.2339990,N,07105.2153335,W,5,08,1.2,4.639,M,-28.727,M,1.0,0061*67",0
552,1707499897.0,GPS1_Frame,42.337233336666664,-71.08692234166666,4.645,328078.02153959905,4689329.167802614,19,T,1.2,"$GNGGA,173137.00,4220.2340002,N,07105.2153405,W,5,09,1.2,4.645,M,-28.727,M,2.0,0061*67",0
553,1707499898.0,GPS1_Frame,42.337233375,-71.08692232,4.648,328078.0234290542,4689329.172015431,19,T,1.2,"$GNGGA,173138.00,4220.2340025,N,07105.2153392,W,5,09,1.2,4.648,M,-28.727,M,1.0,0061*6A",0
554,1707499899.0,GPS1_Frame,42.337233418333334,-71.08692231666667,4.65,328078.0238217589,4689329.176820528,19,T,1.2,"$GNGGA,173139.00,4220.2340051,N,07105.2153390,W,5,08,1.2,4.650,M,-28.727,M,2.0,0061*61",0
555,1707499900.0,GPS1_Frame,42.337233508333334,-71.08692227666667,4.648,328078.02736239036,4689329.186733467,19,T,1.2,"$GNGGA,173140.00,4220.2340105,N,07105.2153366,W,5,09,1.2,4.648,M,-28.727,M,1.0,0061*6D",0
556,1707499901.0,GPS1_Frame,42.33723356833333,-71.08692221333334,4.65,328078.0327435589,4689329.193267956,19,T,1.2,"$GNGGA,173141.00,4220.2340141,N,07105.2153328,W,5,08,1.2,4.650,M,-28.727,M,1.0,0061*6E",0
557,1707499902.0,GPS1_Frame,42.337233641666664,-71.08692218333333,4.645,328078.03541493,4689329.201350407,19,T,1.2,"$GNGGA,173142.00,4220.2340185,N,07105.2153310,W,5,09,1.2,4.645,M,-28.727,M,2.0,0061*68",0
558,1707499903.0,GPS1_Frame,42.33723352,-71.08692164333333,4.665,328078.07957076386,4689329.186748443,19,T,1.4,"$GNGGA,173143.00,4220.2340112,N,07105.2152986,W,4,08,1.4,4.665,M,-28.727,M,1.0,0061*64",0
559,1707499904.0,GPS1_Frame,42.33723352,-71.08692164333333,4.665,328078.07957076386,4689329.186748443,19,T,1.4,"$GNGGA,173144.00,4220.2340112,N,07105.2152986,W,4,07,1.4,4.665,M,-28.727,M,1.0,0061*6C",0
560,1707499905.0,GPS1_Frame,42.33723352,-71.08692164333333,4.666,328078.07957076386,4689329.186748443,19,T,1.4,"$GNGGA,173145.00,4220.2340112,N,07105.2152986,W,4,07,1.4,4.666,M,-28.727,M,2.0,0061*6D",0
561,1707499906.0,GPS1_Frame,42.33723352,-71.08692164333333,4.666,328078.07957076386,4689329.186748443,19,T,1.4,"$GNGGA,173146.00,4220.2340112,N,07105.2152986,W,4,08,1.4,4.666,M,-28.727,M,1.0,0061*62",0
562,1707499907.0,GPS1_Frame,42.33723352,-71.08692164333333,4.666,328078.07957076386,4689329.186748443,19,T,1.4,"$GNGGA,173147.00,4220.2340112,N,07105.2152986,W,4,08,1.4,4.666,M,-28.727,M,1.0,0061*63",0
563,1707499908.0,GPS1_Frame,42.33723352,-71.08692164333333,4.666,328078.07957076386,4689329.186748443,19,T,1.4,"$GNGGA,173148.00,4220.2340112,N,07105.2152986,W,4,08,1.4,4.666,M,-28.727,M,1.0,0061*6C",0
564,1707499909.0,GPS1_Frame,42.33723352,-71.08692164333333,4.666,328078.07957076386,4689329.186748443,19,T,1.4,"$GNGGA,173149.00,4220.2340112,N,07105.2152986,W,4,07,1.4,4.666,M,-28.727,M,1.0,0061*62",0
565,1707499910.0,GPS1_Frame,42.33723352,-71.08692164333333,4.666,328078.07957076386,4689329.186748443,19,T,1.4,"$GNGGA,173150.00,4220.2340112,N,07105.2152986,W,4,08,1.4,4.666,M,-28.727,M,1.0,0061*65",0
566,1707499911.0,GPS1_Frame,42.33723352,-71.08692164166666,4.666,328078.07970807026,4689329.186745073,19,T,1.4,"$GNGGA,173151.00,4220.2340112,N,07105.2152985,W,4,07,1.4,4.666,M,-28.727,M,1.0,0061*68",0
567,1707499912.0,GPS1_Frame,42.337234115,-71.08692139166666,4.628,328078.1019255823,4689329.252309812,19,T,1.4,"$GNGGA,173152.00,4220.2340469,N,07105.2152835,W,5,07,1.4,4.628,M,-28.727,M,2.0,0061*60",0
568,1707499913.0,GPS1_Frame,42.337234126666665,-71.08692136166667,4.628,328078.1044288991,4689329.253544651,19,T,1.4,"$GNGGA,173153.00,4220.2340476,N,07105.2152817,W,5,07,1.4,4.628,M,-28.727,M,1.0,0061*6C",0
569,1707499914.0,GPS1_Frame,42.33723417,-71.08692133833334,4.623,328078.10646928445,4689329.25830931,19,T,1.4,"$GNGGA,173154.00,4220.2340502,N,07105.2152803,W,5,07,1.4,4.623,M,-28.727,M,2.0,0061*64",0
570,1707499915.0,GPS1_Frame,42.3372342,-71.08692132166667,4.619,328078.1079241083,4689329.261606884,19,T,1.4,"$GNGGA,173155.00,4220.2340520,N,07105.2152793,W,5,07,1.4,4.619,M,-28.727,M,1.0,0061*69",0
571,1707499916.0,GPS1_Frame,42.33723422166667,-71.08692126166666,4.617,328078.11292620015,4689329.263891489,19,T,1.4,"$GNGGA,173156.00,4220.2340533,N,07105.2152757,W,5,07,1.4,4.617,M,-28.727,M,1.0,0061*6E",0
572,1707499917.0,GPS1_Frame,42.337234245,-71.08692128333334,4.612,328078.11120479705,4689329.266526285,19,T,1.4,"$GNGGA,173157.00,4220.2340547,N,07105.2152770,W,5,07,1.4,4.612,M,-28.727,M,2.0,0061*6F",0
573,1707499918.0,GPS1_Frame,42.33723426,-71.08692125333333,4.608,328078.113717198,4689329.2681312645,19,T,1.4,"$GNGGA,173158.00,4220.2340556,N,07105.2152752,W,5,06,1.4,4.608,M,-28.727,M,1.0,0061*69",0
574,1707499919.0,GPS1_Frame,42.33723427166667,-71.08692116166667,4.605,328078.12130086706,4689329.269241421,19,T,1.4,"$GNGGA,173159.00,4220.2340563,N,07105.2152697,W,1,05,1.4,4.605,M,-28.727,M,2.0,*68",0
575,1707499920.0,GPS1_Frame,42.33723428333333,-71.08692109666667,4.602,328078.1266876259,4689329.270405493,19,T,1.4,"$GNGGA,173200.00,4220.2340570,N,07105.2152658,W,1,05,1.4,4.602,M,-28.727,M,1.0,*62",0
576,1707499921.0,GPS1_Frame,42.33723428333333,-71.086921045,4.601,328078.1309441357,4689329.27030103,19,T,1.4,"$GNGGA,173201.00,4220.2340570,N,07105.2152627,W,1,05,1.4,4.601,M,-28.727,M,1.0,*68",0
577,1707499922.0,GPS1_Frame,42.33723428,-71.08692103333334,4.598,328078.13189619826,4689329.2699072985,19,T,1.4,"$GNGGA,173202.00,4220.2340568,N,07105.2152620,W,5,06,1.4,4.598,M,-28.727,M,2.0,0061*65",0
578,1707499923.0,GPS1_Frame,42.33723430166667,-71.08692095833334,4.595,328078.1381340495,4689329.272161579,19,T,1.4,"$GNGGA,173203.00,4220.2340581,N,07105.2152575,W,5,06,1.4,4.595,M,-28.727,M,1.0,0061*6E",0
579,1707499924.0,GPS1_Frame,42.337234353333336,-71.086920895,4.59,328078.14349251,4689329.277770715,19,T,1.4,"$GNGGA,173204.00,4220.2340612,N,07105.2152537,W,5,06,1.4,4.590,M,-28.727,M,2.0,0061*60",0
580,1707499925.0,GPS1_Frame,42.337234353333336,-71.086920895,4.59,328078.14349251,4689329.277770715,19,T,0.0,"$GNGGA,173205.00,4220.2340612,N,07105.2152537,W,1,00,0.0,4.590,M,-28.727,M,1.0,*62",0
581,1707499926.0,GPS1_Frame,42.337234353333336,-71.086920895,4.59,328078.14349251,4689329.277770715,19,T,0.0,"$GNGGA,173206.00,4220.2340612,N,07105.2152537,W,1,00,0.0,4.590,M,-28.727,M,1.0,*61",0
582,1707499927.0,GPS1_Frame,42.337234353333336,-71.086920895,4.59,328078.14349251,4689329.277770715,19,T,0.0,"$GNGGA,173207.00,4220.2340612,N,07105.2152537,W,1,00,0.0,4.590,M,-28.727,M,2.0,*63",0
583,1707499928.0,GPS1_Frame,42.337234353333336,-71.086920895,4.59,328078.14349251,4689329.277770715,19,T,0.0,"$GNGGA,173208.00,4220.2340612,N,07105.2152537,W,1,00,0.0,4.590,M,-28.727,M,1.0,*6F",0
584,1707499929.0,GPS1_Frame,42.337234353333336,-71.086920895,4.59,328078.14349251,4689329.277770715,19,T,0.0,"$GNGGA,173209.00,4220.2340612,N,07105.2152537,W,1,01,0.0,4.590,M,-28.727,M,2.0,*6C",0
585,1707499933.0,GPS1_Frame,42.33723437,-71.08692076833333,4.589,328078.15397324704,4689329.279365317,19,T,1.9,"$GNGGA,173213.00,4220.2340622,N,07105.2152461,W,5,05,1.9,4.589,M,-28.727,M,1.0,0061*62",0
586,1707499934.0,GPS1_Frame,42.33723437333333,-71.086920855,4.588,328078.14684237505,4689329.279910687,19,T,1.2,"$GNGGA,173214.00,4220.2340624,N,07105.2152513,W,5,08,1.2,4.588,M,-28.727,M,2.0,0061*63",0
587,1707499935.0,GPS1_Frame,42.337234368333334,-71.08692097166667,4.588,328078.1372172744,4689329.279591361,19,T,1.2,"$GNGGA,173215.00,4220.2340621,N,07105.2152583,W,5,08,1.2,4.588,M,-28.727,M,1.0,0061*6D",0
588,1707499936.0,GPS1_Frame,42.337234341666665,-71.08692109,4.59,328078.1273958214,4689329.276869486,19,T,1.1,"$GNGGA,173216.00,4220.2340605,N,07105.2152654,W,5,09,1.1,4.590,M,-28.727,M,1.0,0061*6A",0
