seq,stamp,frame_id,latitude,longitude,altitude,utm_easting,utm_northing,zone,letter,hdop,gpgga_read,fix_quality
1,1706726334.0,GPS1_Frame,41.97394,-87.90032,107.1,425406.8945632493,4647274.79005217,16,T,1.9,"$GPGGA,183854.000,4158.4364,N,08754.0192,W,1,06,1.9,107.1,M,-34.1,M,,0000*66",
2,1706726335.0,GPS1_Frame,41.97393,-87.90031833333333,108.0,425407.02098156966,4647273.678302663,16,T,1.9,"$GPGGA,183855.000,4158.4358,N,08754.0191,W,1,06,1.9,108.0,M,-34.1,M,,0000*65",
3,1706726336.0,GPS1_Frame,41.97392166666667,-87.90031666666667,108.8,425407.14934479515,4647272.751602866,16,T,1.9,"$GPGGA,183856.000,4158.4353,N,08754.0190,W,1,06,1.9,108.8,M,-34.1,M,,0000*64",
4,1706726337.0,GPS1_Frame,41.973905,-87.900315,110.3,425407.2679837824,4647270.899654565,16,T,1.9,"$GPGGA,183857.000,4158.4343,N,08754.0189,W,1,06,1.9,110.3,M,-34.1,M,,0000*6E",
5,1706726338.0,GPS1_Frame,41.973888333333335,-87.90031166666667,111.7,425407.52471046057,4647269.04625499,16,T,1.9,"$GPGGA,183858.000,4158.4333,N,08754.0187,W,1,06,1.9,111.7,M,-34.1,M,,0000*6D",
6,1706726339.0,GPS1_Frame,41.97387333333333,-87.90030833333333,113.1,425407.7833821331,4647267.377905129,16,T,1.9,"$GPGGA,183859.000,4158.4324,N,08754.0185,W,1,06,1.9,113.1,M,-34.1,M,,0000*6C",
7,1706726340.0,GPS1_Frame,41.97385833333333,-87.90030666666667,114.4,425407.90396625455,4647265.711006559,16,T,1.9,"$GPGGA,183900.000,4158.4315,N,08754.0184,W,1,06,1.9,114.4,M,-34.1,M,,0000*60",
8,1706726341.0,GPS1_Frame,41.973845,-87.900305,115.6,425408.0264952817,4647264.229157695,16,T,1.9,"$GPGGA,183901.000,4158.4307,N,08754.0183,W,1,06,1.9,115.6,M,-34.1,M,,0000*66",
9,1706726342.0,GPS1_Frame,41.97383166666667,-87.90030166666666,116.8,425408.2871121076,4647262.745857569,16,T,1.9,"$GPGGA,183902.000,4158.4299,N,08754.0181,W,1,06,1.9,116.8,M,-34.1,M,,0000*6C",
10,1706726343.0,GPS1_Frame,41.973816666666664,-87.9003,118.1,425408.4076964651,4647261.078959021,16,T,1.9,"$GPGGA,183903.000,4158.4290,N,08754.0180,W,1,06,1.9,118.1,M,-34.1,M,,0000*62",
11,1706726344.0,GPS1_Frame,41.973803333333336,-87.90029666666666,119.3,425408.6683135085,4647259.59565892,16,T,1.9,"$GPGGA,183904.000,4158.4282,N,08754.0178,W,1,06,1.9,119.3,M,-34.1,M,,0000*62",
12,1706726345.0,GPS1_Frame,41.97379,-87.900295,120.5,425408.7908428419,4647258.113810085,16,T,1.9,"$GPGGA,183905.000,4158.4274,N,08754.0177,W,1,06,1.9,120.5,M,-34.1,M,,0000*69",
13,1706726346.0,GPS1_Frame,41.973778333333335,-87.90029333333334,121.6,425408.9153170429,4647256.817010953,16,T,1.9,"$GPGGA,183906.000,4158.4267,N,08754.0176,W,1,06,1.9,121.6,M,-34.1,M,,0000*6B",
14,1706726347.0,GPS1_Frame,41.97376666666667,-87.90029166666666,122.7,425409.0397912974,4647255.520211827,16,T,1.9,"$GPGGA,183907.000,4158.4260,N,08754.0175,W,1,06,1.9,122.7,M,-34.1,M,,0000*6C",
15,1706726348.0,GPS1_Frame,41.973753333333335,-87.90028833333334,123.8,425409.3004087139,4647254.036911764,16,T,1.9,"$GPGGA,183908.000,4158.4252,N,08754.0173,W,1,06,1.9,123.8,M,-34.1,M,,0000*6A",
16,1706726349.0,GPS1_Frame,41.97374166666667,-87.90028666666667,124.8,425409.4248831026,4647252.740112653,16,T,1.9,"$GPGGA,183909.000,4158.4245,N,08754.0172,W,1,06,1.9,124.8,M,-34.1,M,,0000*6B",
17,1706726350.0,GPS1_Frame,41.973731666666666,-87.900285,125.9,425409.55130233086,4647251.6283632405,16,T,1.9,"$GPGGA,183910.000,4158.4239,N,08754.0171,W,1,06,1.9,125.9,M,-34.1,M,,0000*6B",
18,1706726351.0,GPS1_Frame,41.97372,-87.90028333333333,126.9,425409.6757768225,4647250.33156414,16,T,1.9,"$GPGGA,183911.000,4158.4232,N,08754.0170,W,1,06,1.9,126.9,M,-34.1,M,,0000*63",
19,1706726352.0,GPS1_Frame,41.973708333333335,-87.90028166666667,127.9,425409.80025136983,4647249.034765044,16,T,1.9,"$GPGGA,183912.000,4158.4225,N,08754.0169,W,1,06,1.9,127.9,M,-34.1,M,,0000*6F",
20,1706726353.0,GPS1_Frame,41.97369833333333,-87.90028,128.8,425409.9266707425,4647247.923015647,16,T,1.9,"$GPGGA,183913.000,4158.4219,N,08754.0168,W,1,06,1.9,128.8,M,-34.1,M,,0000*6E",
21,1706726354.0,GPS1_Frame,41.973686666666666,-87.90027833333333,129.8,425410.05114538857,4647246.62621656,16,T,1.9,"$GPGGA,183914.000,4158.4212,N,08754.0167,W,1,06,1.9,129.8,M,-34.1,M,,0000*6C",
22,1706726355.0,GPS1_Frame,41.97367666666667,-87.90027666666667,130.7,425410.17756485625,4647245.514467173,16,T,1.9,"$GPGGA,183915.000,4158.4206,N,08754.0166,W,1,06,1.9,130.7,M,-34.1,M,,0000*6E",
23,1706726356.0,GPS1_Frame,41.97366666666667,-87.90027333333333,131.7,425410.44207246293,4647244.401266571,16,T,1.9,"$GPGGA,183916.000,4158.4200,N,08754.0164,W,1,06,1.9,131.7,M,-34.1,M,,0000*68",
24,1706726357.0,GPS1_Frame,41.97365666666666,-87.90027166666667,132.6,425410.5684920411,4647243.289517194,16,T,1.9,"$GPGGA,183917.000,4158.4194,N,08754.0163,W,1,06,1.9,132.6,M,-34.1,M,,0000*62",
25,1706726358.0,GPS1_Frame,41.97364666666667,-87.90027,133.4,425410.69491166685,4647242.177767824,16,T,1.9,"$GPGGA,183918.000,4158.4188,N,08754.0162,W,1,06,1.9,133.4,M,-34.1,M,,0000*62",
26,1706726359.0,GPS1_Frame,41.973638333333334,-87.90027,134.1,425410.6851879257,4647241.252519363,16,T,1.9,"$GPGGA,183919.000,4158.4183,N,08754.0162,W,1,06,1.9,134.1,M,-34.1,M,,0000*6A",
27,1706726360.0,GPS1_Frame,41.97363,-87.90026833333333,134.9,425410.8135523588,4647240.325819691,16,T,1.9,"$GPGGA,183920.000,4158.4178,N,08754.0161,W,1,06,1.9,134.9,M,-34.1,M,,0000*6F",
28,1706726361.0,GPS1_Frame,41.973621666666666,-87.90026666666667,135.7,425410.9419168296,4647239.399120023,16,T,1.9,"$GPGGA,183921.000,4158.4173,N,08754.0160,W,1,06,1.9,135.7,M,-34.1,M,,0000*6B",
29,1706726362.0,GPS1_Frame,41.97361333333333,-87.900265,136.4,425411.07028134004,4647238.472420358,16,T,1.9,"$GPGGA,183922.000,4158.4168,N,08754.0159,W,1,06,1.9,136.4,M,-34.1,M,,0000*68",
30,1706726363.0,GPS1_Frame,41.973605,-87.90026333333333,137.2,425411.19864588813,4647237.545720698,16,T,1.9,"$GPGGA,183923.000,4158.4163,N,08754.0158,W,1,06,1.9,137.2,M,-34.1,M,,0000*64",
31,1706726364.0,GPS1_Frame,41.973596666666666,-87.90026166666667,137.9,425411.3270104695,4647236.619021041,16,T,1.9,"$GPGGA,183924.000,4158.4158,N,08754.0157,W,1,06,1.9,137.9,M,-34.1,M,,0000*6F",
32,1706726365.0,GPS1_Frame,41.97359,-87.90026,138.5,425411.4573198173,4647235.877371082,16,T,1.9,"$GPGGA,183925.000,4158.4154,N,08754.0156,W,1,06,1.9,138.5,M,-34.1,M,,0000*60",
33,1706726366.0,GPS1_Frame,41.97358166666667,-87.90026,139.2,425411.447596195,4647234.952122629,16,T,1.9,"$GPGGA,183926.000,4158.4149,N,08754.0156,W,1,06,1.9,139.2,M,-34.1,M,,0000*69",
34,1706726367.0,GPS1_Frame,41.973573333333334,-87.90025833333334,139.9,425411.5759608693,4647234.025422983,16,T,1.9,"$GPGGA,183927.000,4158.4144,N,08754.0155,W,1,06,1.9,139.9,M,-34.1,M,,0000*6D",
35,1706726368.0,GPS1_Frame,41.97356666666667,-87.90025666666666,140.6,425411.7062702999,4647233.283773029,16,T,1.9,"$GPGGA,183928.000,4158.4140,N,08754.0154,W,1,06,1.9,140.6,M,-34.1,M,,0000*66",
36,1706726369.0,GPS1_Frame,41.97356,-87.900255,141.2,425411.83657975815,4647232.54212308,16,T,1.9,"$GPGGA,183929.000,4158.4136,N,08754.0153,W,1,06,1.9,141.2,M,-34.1,M,,0000*64",
37,1706726370.0,GPS1_Frame,41.973551666666665,-87.900255,141.9,425411.8268561955,4647231.616874632,16,T,1.9,"$GPGGA,183930.000,4158.4131,N,08754.0153,W,1,06,1.9,141.9,M,-34.1,M,,0000*60",
38,1706726371.0,GPS1_Frame,41.973545,-87.90025333333334,142.5,425411.95716570504,4647230.875224688,16,T,1.9,"$GPGGA,183931.000,4158.4127,N,08754.0152,W,1,06,1.9,142.5,M,-34.1,M,,0000*68",
39,1706726372.0,GPS1_Frame,41.97353833333333,-87.90025166666666,143.2,425412.0874752422,4647230.1335747475,16,T,1.9,"$GPGGA,183932.000,4158.4123,N,08754.0151,W,1,06,1.9,143.2,M,-34.1,M,,0000*6A",
40,1706726373.0,GPS1_Frame,41.97353,-87.90025,143.8,425412.2158401084,4647229.206875121,16,T,1.9,"$GPGGA,183933.000,4158.4118,N,08754.0150,W,1,06,1.9,143.8,M,-34.1,M,,0000*68",
41,1706726374.0,GPS1_Frame,41.97352333333333,-87.90025,144.4,425412.20806130604,4647228.466676368,16,T,1.9,"$GPGGA,183934.000,4158.4114,N,08754.0150,W,1,06,1.9,144.4,M,-34.1,M,,0000*68",
42,1706726375.0,GPS1_Frame,41.97351666666667,-87.90024833333334,145.0,425412.3383709242,4647227.725026434,16,T,1.9,"$GPGGA,183935.000,4158.4110,N,08754.0149,W,1,06,1.9,145.0,M,-34.1,M,,0000*60",
43,1706726376.0,GPS1_Frame,41.97351,-87.90024666666666,145.6,425412.4686805722,4647226.983376505,16,T,1.9,"$GPGGA,183936.000,4158.4106,N,08754.0148,W,1,06,1.9,145.6,M,-34.1,M,,0000*63",
44,1706726377.0,GPS1_Frame,41.973505,-87.90024666666666,146.2,425412.46284649416,4647226.428227442,16,T,1.9,"$GPGGA,183937.000,4158.4103,N,08754.0148,W,1,06,1.9,146.2,M,-34.1,M,,0000*60",
45,1706726378.0,GPS1_Frame,41.97349833333333,-87.900245,146.7,425412.59315617935,4647225.686577518,16,T,1.9,"$GPGGA,183938.000,4158.4099,N,08754.0147,W,1,06,1.9,146.7,M,-34.1,M,,0000*67",
46,1706726379.0,GPS1_Frame,41.973495,-87.900245,147.0,425412.589266802,4647225.316478143,16,T,1.9,"$GPGGA,183939.000,4158.4097,N,08754.0147,W,1,06,1.9,147.0,M,-34.1,M,,0000*6E",
47,1706726380.0,GPS1_Frame,41.97349166666667,-87.90024333333334,147.3,425412.72346589854,4647224.9449275965,16,T,1.9,"$GPGGA,183940.000,4158.4095,N,08754.0146,W,1,06,1.9,147.3,M,-34.1,M,,0000*60",
48,1706726381.0,GPS1_Frame,41.973488333333336,-87.90024333333334,147.6,425412.71957652894,4647224.574828221,16,T,1.9,"$GPGGA,183941.000,4158.4093,N,08754.0146,W,1,06,1.9,147.6,M,-34.1,M,,0000*62",
49,1706726382.0,GPS1_Frame,41.973483333333334,-87.90024166666667,147.9,425412.85183096444,4647224.018227991,16,T,1.9,"$GPGGA,183942.000,4158.4090,N,08754.0145,W,1,06,1.9,147.9,M,-34.1,M,,0000*6E",
50,1706726383.0,GPS1_Frame,41.973483333333334,-87.90024166666667,148.1,425412.85183096444,4647224.018227991,16,T,1.9,"$GPGGA,183943.000,4158.4090,N,08754.0145,W,1,06,1.9,148.1,M,-34.1,M,,0000*68",
51,1706726384.0,GPS1_Frame,41.973481666666665,-87.90024166666667,148.2,425412.8498862835,4647223.833178304,16,T,1.9,"$GPGGA,183944.000,4158.4089,N,08754.0145,W,1,06,1.9,148.2,M,-34.1,M,,0000*64",
52,1706726385.0,GPS1_Frame,41.97348,-87.90024166666667,148.3,425412.8479416027,4647223.648128618,16,T,1.9,"$GPGGA,183945.000,4158.4088,N,08754.0145,W,1,06,1.9,148.3,M,-34.1,M,,0000*65",
53,1706726386.0,GPS1_Frame,41.97348,-87.90024166666667,148.3,425412.8479416027,4647223.648128618,16,T,1.9,"$GPGGA,183946.000,4158.4088,N,08754.0145,W,1,06,1.9,148.3,M,-34.1,M,,0000*66",
54,1706726387.0,GPS1_Frame,41.97347833333333,-87.90024166666667,148.4,425412.8459969219,4647223.46307893,16,T,1.9,"$GPGGA,183947.000,4158.4087,N,08754.0145,W,1,06,1.9,148.4,M,-34.1,M,,0000*6F",
55,1706726388.0,GPS1_Frame,41.97347833333333,-87.90024166666667,148.5,425412.8459969219,4647223.46307893,16,T,1.9,"$GPGGA,183948.000,4158.4087,N,08754.0145,W,1,06,1.9,148.5,M,-34.1,M,,0000*61",
56,1706726389.0,GPS1_Frame,41.97347833333333,-87.90024166666667,148.5,425412.8459969219,4647223.46307893,16,T,1.9,"$GPGGA,183949.000,4158.4087,N,08754.0145,W,1,06,1.9,148.5,M,-34.1,M,,0000*60",
57,1706726390.0,GPS1_Frame,41.97347666666667,-87.90024,148.6,425412.98214074713,4647223.27657808,16,T,1.9,"$GPGGA,183950.000,4158.4086,N,08754.0144,W,1,06,1.9,148.6,M,-34.1,M,,0000*6B",
58,1706726391.0,GPS1_Frame,41.97347666666667,-87.90024,148.7,425412.98214074713,4647223.27657808,16,T,1.9,"$GPGGA,183951.000,4158.4086,N,08754.0144,W,1,06,1.9,148.7,M,-34.1,M,,0000*6B",
59,1706726392.0,GPS1_Frame,41.973475,-87.90024,148.7,425412.9801960701,4647223.091528391,16,T,1.9,"$GPGGA,183952.000,4158.4085,N,08754.0144,W,1,06,1.9,148.7,M,-34.1,M,,0000*6B",
60,1706726393.0,GPS1_Frame,41.973475,-87.90024,148.8,425412.9801960701,4647223.091528391,16,T,1.9,"$GPGGA,183953.000,4158.4085,N,08754.0144,W,1,06,1.9,148.8,M,-34.1,M,,0000*65",
61,1706726394.0,GPS1_Frame,41.973475,-87.90024,148.8,425412.9801960701,4647223.091528391,16,T,1.9,"$GPGGA,183954.000,4158.4085,N,08754.0144,W,1,06,1.9,148.8,M,-34.1,M,,0000*62",
62,1706726395.0,GPS1_Frame,41.97347333333333,-87.90024,148.8,425412.97825139307,4647222.906478703,16,T,1.9,"$GPGGA,183955.000,4158.4084,N,08754.0144,W,1,06,1.9,148.8,M,-34.1,M,,0000*62",
63,1706726396.0,GPS1_Frame,41.97347333333333,-87.90024,148.9,425412.97825139307,4647222.906478703,16,T,1.9,"$GPGGA,183956.000,4158.4084,N,08754.0144,W,1,06,1.9,148.9,M,-34.1,M,,0000*60",
64,1706726397.0,GPS1_Frame,41.97347333333333,-87.90024,148.9,425412.97825139307,4647222.906478703,16,T,1.9,"$GPGGA,183957.000,4158.4084,N,08754.0144,W,1,06,1.9,148.9,M,-34.1,M,,0000*61",
65,1706726398.0,GPS1_Frame,41.97347166666667,-87.90024,149.0,425412.97630671615,4647222.721429018,16,T,1.9,"$GPGGA,183958.000,4158.4083,N,08754.0144,W,1,06,1.9,149.0,M,-34.1,M,,0000*61",
66,1706726399.0,GPS1_Frame,41.97347166666667,-87.90024,149.0,425412.97630671615,4647222.721429018,16,T,1.9,"$GPGGA,183959.000,4158.4083,N,08754.0144,W,1,06,1.9,149.0,M,-34.1,M,,0000*60",
67,1706726400.0,GPS1_Frame,41.97347166666667,-87.90024,149.0,425412.97630671615,4647222.721429018,16,T,1.9,"$GPGGA,184000.000,4158.4083,N,08754.0144,W,1,06,1.9,149.0,M,-34.1,M,,0000*62",
68,1706726401.0,GPS1_Frame,41.97347166666667,-87.90024,149.1,425412.97630671615,4647222.721429018,16,T,1.9,"$GPGGA,184001.000,4158.4083,N,08754.0144,W,1,06,1.9,149.1,M,-34.1,M,,0000*62",
69,1706726402.0,GPS1_Frame,41.97347,-87.90024,149.2,425412.97436203924,4647222.536379331,16,T,1.9,"$GPGGA,184002.000,4158.4082,N,08754.0144,W,1,06,1.9,149.2,M,-34.1,M,,0000*63",
70,1706726403.0,GPS1_Frame,41.97347,-87.90023833333333,149.3,425413.1124505575,4647222.534928166,16,T,1.9,"$GPGGA,184003.000,4158.4082,N,08754.0143,W,1,06,1.9,149.3,M,-34.1,M,,0000*64",
71,1706726404.0,GPS1_Frame,41.97346833333334,-87.90023833333333,149.3,425413.11050588434,4647222.349878482,16,T,1.9,"$GPGGA,184004.000,4158.4081,N,08754.0143,W,1,06,1.9,149.3,M,-34.1,M,,0000*60",
72,1706726405.0,GPS1_Frame,41.97346833333334,-87.90023833333333,149.4,425413.11050588434,4647222.349878482,16,T,1.9,"$GPGGA,184005.000,4158.4081,N,08754.0143,W,1,06,1.9,149.4,M,-34.1,M,,0000*66",
73,1706726406.0,GPS1_Frame,41.97346666666667,-87.90023833333333,149.4,425413.1085612112,4647222.164828795,16,T,1.9,"$GPGGA,184006.000,4158.4080,N,08754.0143,W,1,06,1.9,149.4,M,-34.1,M,,0000*64",
74,1706726407.0,GPS1_Frame,41.97346666666667,-87.90023833333333,149.5,425413.1085612112,4647222.164828795,16,T,1.9,"$GPGGA,184007.000,4158.4080,N,08754.0143,W,1,06,1.9,149.5,M,-34.1,M,,0000*64",
75,1706726408.0,GPS1_Frame,41.973465,-87.90023833333333,149.6,425413.10661653813,4647221.979779108,16,T,1.9,"$GPGGA,184008.000,4158.4079,N,08754.0143,W,1,06,1.9,149.6,M,-34.1,M,,0000*6E",
76,1706726409.0,GPS1_Frame,41.973465,-87.90023833333333,149.6,425413.10661653813,4647221.979779108,16,T,1.9,"$GPGGA,184009.000,4158.4079,N,08754.0143,W,1,06,1.9,149.6,M,-34.1,M,,0000*6F",
77,1706726410.0,GPS1_Frame,41.973465,-87.90023833333333,149.7,425413.10661653813,4647221.979779108,16,T,1.9,"$GPGGA,184010.000,4158.4079,N,08754.0143,W,1,06,1.9,149.7,M,-34.1,M,,0000*66",
78,1706726411.0,GPS1_Frame,41.973463333333335,-87.90023833333333,149.7,425413.1046718651,4647221.794729422,16,T,1.9,"$GPGGA,184011.000,4158.4078,N,08754.0143,W,1,06,1.9,149.7,M,-34.1,M,,0000*66",
79,1706726412.0,GPS1_Frame,41.973463333333335,-87.90023833333333,149.7,425413.1046718651,4647221.794729422,16,T,1.9,"$GPGGA,184012.000,4158.4078,N,08754.0143,W,1,06,1.9,149.7,M,-34.1,M,,0000*65",
80,1706726413.0,GPS1_Frame,41.973463333333335,-87.90023833333333,149.7,425413.1046718651,4647221.794729422,16,T,1.9,"$GPGGA,184013.000,4158.4078,N,08754.0143,W,1,06,1.9,149.7,M,-34.1,M,,0000*64",
81,1706726414.0,GPS1_Frame,41.973463333333335,-87.90023833333333,149.7,425413.1046718651,4647221.794729422,16,T,1.9,"$GPGGA,184014.000,4158.4078,N,08754.0143,W,1,06,1.9,149.7,M,-34.1,M,,0000*63",
82,1706726415.0,GPS1_Frame,41.973463333333335,-87.90023833333333,149.8,425413.1046718651,4647221.794729422,16,T,1.9,"$GPGGA,184015.000,4158.4078,N,08754.0143,W,1,06,1.9,149.8,M,-34.1,M,,0000*6D",
83,1706726416.0,GPS1_Frame,41.973463333333335,-87.90023833333333,149.8,425413.1046718651,4647221.794729422,16,T,2.0,"$GPGGA,184016.000,4158.4078,N,08754.0143,W,1,05,2.0,149.8,M,-34.1,M,,0000*67",
84,1706726417.0,GPS1_Frame,41.973463333333335,-87.90023833333333,149.8,425413.1046718651,4647221.794729422,16,T,2.0,"$GPGGA,184017.000,4158.4078,N,08754.0143,W,1,05,2.0,149.8,M,-34.1,M,,0000*66",
85,1706726418.0,GPS1_Frame,41.973461666666665,-87.90023833333333,149.9,425413.10272719216,4647221.609679735,16,T,1.9,"$GPGGA,184018.000,4158.4077,N,08754.0143,W,1,06,1.9,149.9,M,-34.1,M,,0000*6E",
86,1706726419.0,GPS1_Frame,41.973461666666665,-87.90023833333333,149.9,425413.10272719216,4647221.609679735,16,T,1.9,"$GPGGA,184019.000,4158.4077,N,08754.0143,W,1,06,1.9,149.9,M,-34.1,M,,0000*6F",
87,1706726420.0,GPS1_Frame,41.973461666666665,-87.90023666666667,149.9,425413.24081573053,4647221.6082285745,16,T,1.9,"$GPGGA,184020.000,4158.4077,N,08754.0142,W,1,06,1.9,149.9,M,-34.1,M,,0000*64",
88,1706726421.0,GPS1_Frame,41.973461666666665,-87.90023666666667,149.9,425413.24081573053,4647221.6082285745,16,T,1.9,"$GPGGA,184021.000,4158.4077,N,08754.0142,W,1,06,1.9,149.9,M,-34.1,M,,0000*65",
89,1706726422.0,GPS1_Frame,41.973461666666665,-87.90023666666667,149.9,425413.24081573053,4647221.6082285745,16,T,1.9,"$GPGGA,184022.000,4158.4077,N,08754.0142,W,1,06,1.9,149.9,M,-34.1,M,,0000*66",
90,1706726423.0,GPS1_Frame,41.973461666666665,-87.90023666666667,149.9,425413.24081573053,4647221.6082285745,16,T,1.9,"$GPGGA,184023.000,4158.4077,N,08754.0142,W,1,06,1.9,149.9,M,-34.1,M,,0000*67",
91,1706726424.0,GPS1_Frame,41.973461666666665,-87.90023666666667,150.0,425413.24081573053,4647221.6082285745,16,T,1.9,"$GPGGA,184024.000,4158.4077,N,08754.0142,W,1,06,1.9,150.0,M,-34.1,M,,0000*61",
92,1706726425.0,GPS1_Frame,41.973461666666665,-87.90023666666667,150.0,425413.24081573053,4647221.6082285745,16,T,1.9,"$GPGGA,184025.000,4158.4077,N,08754.0142,W,1,06,1.9,150.0,M,-34.1,M,,0000*60",
93,1706726426.0,GPS1_Frame,41.973461666666665,-87.90023666666667,150.0,425413.24081573053,4647221.6082285745,16,T,1.9,"$GPGGA,184026.000,4158.4077,N,08754.0142,W,1,06,1.9,150.0,M,-34.1,M,,0000*63",
94,1706726427.0,GPS1_Frame,41.973461666666665,-87.90023666666667,150.0,425413.24081573053,4647221.6082285745,16,T,5.5,"$GPGGA,184027.000,4158.4077,N,08754.0142,W,1,05,5.5,150.0,M,-34.1,M,,0000*69",
95,1706726428.0,GPS1_Frame,41.97346,-87.90023666666667,150.0,425413.23887106124,4647221.423178889,16,T,1.9,"$GPGGA,184028.000,4158.4076,N,08754.0142,W,1,06,1.9,150.0,M,-34.1,M,,0000*6C",
96,1706726429.0,GPS1_Frame,41.97346,-87.90023666666667,150.0,425413.23887106124,4647221.423178889,16,T,5.5,"$GPGGA,184029.000,4158.4076,N,08754.0142,W,1,05,5.5,150.0,M,-34.1,M,,0000*66",
97,1706726430.0,GPS1_Frame,41.97346,-87.90023666666667,150.0,425413.23887106124,4647221.423178889,16,T,1.9,"$GPGGA,184030.000,4158.4076,N,08754.0142,W,1,06,1.9,150.0,M,-34.1,M,,0000*65",
98,1706726431.0,GPS1_Frame,41.97346,-87.90023666666667,150.0,425413.23887106124,4647221.423178889,16,T,5.5,"$GPGGA,184031.000,4158.4076,N,08754.0142,W,1,05,5.5,150.0,M,-34.1,M,,0000*6F",
99,1706726432.0,GPS1_Frame,41.97346,-87.90023666666667,150.1,425413.23887106124,4647221.423178889,16,T,1.9,"$GPGGA,184032.000,4158.4076,N,08754.0142,W,1,06,1.9,150.1,M,-34.1,M,,0000*66",
100,1706726433.0,GPS1_Frame,41.97346,-87.90023666666667,150.1,425413.23887106124,4647221.423178889,16,T,1.9,"$GPGGA,184033.000,4158.4076,N,08754.0142,W,1,06,1.9,150.1,M,-34.1,M,,0000*67",
101,1706726434.0,GPS1_Frame,41.97346,-87.90023666666667,150.1,425413.23887106124,4647221.423178889,16,T,1.9,"$GPGGA,184034.000,4158.4076,N,08754.0142,W,1,06,1.9,150.1,M,-34.1,M,,0000*60",
102,1706726435.0,GPS1_Frame,41.97345833333333,-87.90023666666667,150.2,425413.236926392,4647221.238129201,16,T,1.9,"$GPGGA,184035.000,4158.4075,N,08754.0142,W,1,06,1.9,150.2,M,-34.1,M,,0000*61",
103,1706726436.0,GPS1_Frame,41.97345833333333,-87.90023666666667,150.2,425413.236926392,4647221.238129201,16,T,1.9,"$GPGGA,184036.000,4158.4075,N,08754.0142,W,1,06,1.9,150.2,M,-34.1,M,,0000*62",
104,1706726437.0,GPS1_Frame,41.97345833333333,-87.90023666666667,150.3,425413.236926392,4647221.238129201,16,T,1.9,"$GPGGA,184037.000,4158.4075,N,08754.0142,W,1,06,1.9,150.3,M,-34.1,M,,0000*62",
105,1706726438.0,GPS1_Frame,41.973456666666664,-87.90023666666667,150.3,425413.2349817228,4647221.053079515,16,T,1.9,"$GPGGA,184038.000,4158.4074,N,08754.0142,W,1,06,1.9,150.3,M,-34.1,M,,0000*6C",
106,1706726439.0,GPS1_Frame,41.973456666666664,-87.90023666666667,150.4,425413.2349817228,4647221.053079515,16,T,1.9,"$GPGGA,184039.000,4158.4074,N,08754.0142,W,1,06,1.9,150.4,M,-34.1,M,,0000*6A",
107,1706726440.0,GPS1_Frame,41.973456666666664,-87.90023666666667,150.4,425413.2349817228,4647221.053079515,16,T,1.9,"$GPGGA,184040.000,4158.4074,N,08754.0142,W,1,06,1.9,150.4,M,-34.1,M,,0000*64",
108,1706726441.0,GPS1_Frame,41.973455,-87.90023666666667,150.5,425413.2330370537,4647220.86802983,16,T,1.9,"$GPGGA,184041.000,4158.4073,N,08754.0142,W,1,06,1.9,150.5,M,-34.1,M,,0000*63",
109,1706726442.0,GPS1_Frame,41.973455,-87.90023666666667,150.5,425413.2330370537,4647220.86802983,16,T,1.9,"$GPGGA,184042.000,4158.4073,N,08754.0142,W,1,06,1.9,150.5,M,-34.1,M,,0000*60",
110,1706726443.0,GPS1_Frame,41.97345333333333,-87.900235,150.6,425413.3691809411,4647220.6815289855,16,T,1.9,"$GPGGA,184043.000,4158.4072,N,08754.0141,W,1,06,1.9,150.6,M,-34.1,M,,0000*60",
111,1706726444.0,GPS1_Frame,41.97345333333333,-87.900235,150.7,425413.3691809411,4647220.6815289855,16,T,1.9,"$GPGGA,184044.000,4158.4072,N,08754.0141,W,1,06,1.9,150.7,M,-34.1,M,,0000*66",
112,1706726445.0,GPS1_Frame,41.97345166666667,-87.900235,150.8,425413.3672362757,4647220.496479301,16,T,1.9,"$GPGGA,184045.000,4158.4071,N,08754.0141,W,1,06,1.9,150.8,M,-34.1,M,,0000*6B",
113,1706726446.0,GPS1_Frame,41.97345166666667,-87.900235,150.9,425413.3672362757,4647220.496479301,16,T,1.9,"$GPGGA,184046.000,4158.4071,N,08754.0141,W,1,06,1.9,150.9,M,-34.1,M,,0000*69",
114,1706726447.0,GPS1_Frame,41.97345,-87.900235,151.0,425413.36529161036,4647220.311429614,16,T,1.9,"$GPGGA,184047.000,4158.4070,N,08754.0141,W,1,06,1.9,151.0,M,-34.1,M,,0000*61",
115,1706726448.0,GPS1_Frame,41.97345,-87.900235,151.0,425413.36529161036,4647220.311429614,16,T,1.9,"$GPGGA,184048.000,4158.4070,N,08754.0141,W,1,06,1.9,151.0,M,-34.1,M,,0000*6E",
116,1706726449.0,GPS1_Frame,41.97344833333333,-87.900235,151.1,425413.36334694515,4647220.126379928,16,T,1.9,"$GPGGA,184049.000,4158.4069,N,08754.0141,W,1,06,1.9,151.1,M,-34.1,M,,0000*66",
117,1706726450.0,GPS1_Frame,41.97344833333333,-87.900235,151.2,425413.36334694515,4647220.126379928,16,T,1.9,"$GPGGA,184050.000,4158.4069,N,08754.0141,W,1,06,1.9,151.2,M,-34.1,M,,0000*6D",
118,1706726451.0,GPS1_Frame,41.97344666666667,-87.900235,151.3,425413.36140227993,4647219.941330242,16,T,1.9,"$GPGGA,184051.000,4158.4068,N,08754.0141,W,1,06,1.9,151.3,M,-34.1,M,,0000*6C",
119,1706726452.0,GPS1_Frame,41.97344666666667,-87.900235,151.4,425413.36140227993,4647219.941330242,16,T,1.9,"$GPGGA,184052.000,4158.4068,N,08754.0141,W,1,06,1.9,151.4,M,-34.1,M,,0000*68",
120,1706726453.0,GPS1_Frame,41.973445,-87.900235,151.5,425413.35945761483,4647219.756280555,16,T,1.9,"$GPGGA,184053.000,4158.4067,N,08754.0141,W,1,06,1.9,151.5,M,-34.1,M,,0000*67",
121,1706726454.0,GPS1_Frame,41.973443333333336,-87.90023333333333,151.5,425413.49560152355,4647219.5697797155,16,T,1.9,"$GPGGA,184054.000,4158.4066,N,08754.0140,W,1,06,1.9,151.5,M,-34.1,M,,0000*60",
122,1706726455.0,GPS1_Frame,41.97332,-87.90020833333334,162.9,425415.42302940093,4647205.854336121,16,T,1.9,"$GPGGA,184055.000,4158.3992,N,08754.0125,W,1,06,1.9,162.9,M,-34.1,M,,0000*6B",
123,1706726456.0,GPS1_Frame,41.97332,-87.90020833333334,163.0,425415.42302940093,4647205.854336121,16,T,1.9,"$GPGGA,184056.000,4158.3992,N,08754.0125,W,1,06,1.9,163.0,M,-34.1,M,,0000*60",
124,1706726457.0,GPS1_Frame,41.973258333333334,-87.90019833333334,168.8,425416.17961300083,4647198.998791307,16,T,1.9,"$GPGGA,184057.000,4158.3955,N,08754.0119,W,1,06,1.9,168.8,M,-34.1,M,,0000*66",
125,1706726458.0,GPS1_Frame,41.973258333333334,-87.90019833333334,168.8,425416.17961300083,4647198.998791307,16,T,1.9,"$GPGGA,184058.000,4158.3955,N,08754.0119,W,1,06,1.9,168.8,M,-34.1,M,,0000*69",
126,1706726459.0,GPS1_Frame,41.973256666666664,-87.90019833333334,168.9,425416.1776684221,4647198.813741627,16,T,1.9,"$GPGGA,184059.000,4158.3954,N,08754.0119,W,1,06,1.9,168.9,M,-34.1,M,,0000*68",
127,1706726460.0,GPS1_Frame,41.973256666666664,-87.90019833333334,168.9,425416.1776684221,4647198.813741627,16,T,1.9,"$GPGGA,184100.000,4158.3954,N,08754.0119,W,1,06,1.9,168.9,M,-34.1,M,,0000*65",
128,1706726461.0,GPS1_Frame,41.973256666666664,-87.90019666666667,169.0,425416.3157574011,4647198.8122905325,16,T,1.9,"$GPGGA,184101.000,4158.3954,N,08754.0118,W,1,06,1.9,169.0,M,-34.1,M,,0000*6D",
129,1706726462.0,GPS1_Frame,41.97325333333333,-87.90019666666667,169.2,425416.31186825107,4647198.442191172,16,T,1.1,"$GPGGA,184102.000,4158.3952,N,08754.0118,W,1,07,1.1,169.2,M,-34.1,M,,0000*63",
130,1706726463.0,GPS1_Frame,41.97325,-87.90019666666667,169.5,425416.30797910126,4647198.072091815,16,T,1.1,"$GPGGA,184103.000,4158.3950,N,08754.0118,W,1,07,1.1,169.5,M,-34.1,M,,0000*67",
131,1706726464.0,GPS1_Frame,41.973243333333336,-87.900195,170.1,425416.4382898123,4647197.330442006,16,T,1.1,"$GPGGA,184104.000,4158.3946,N,08754.0117,W,1,07,1.1,170.1,M,-34.1,M,,0000*64",
132,1706726465.0,GPS1_Frame,41.973236666666665,-87.90019333333333,170.8,425416.5686005511,4647196.5887922,16,T,1.1,"$GPGGA,184105.000,4158.3942,N,08754.0116,W,1,07,1.1,170.8,M,-34.1,M,,0000*69",
133,1706726466.0,GPS1_Frame,41.97323,-87.90019166666667,171.4,425416.6989113218,4647195.8471423965,16,T,1.1,"$GPGGA,184106.000,4158.3938,N,08754.0115,W,1,07,1.1,171.4,M,-34.1,M,,0000*69",
134,1706726467.0,GPS1_Frame,41.97322333333334,-87.90019166666667,172.0,425416.69113306917,4647195.106943682,16,T,1.1,"$GPGGA,184107.000,4158.3934,N,08754.0115,W,1,07,1.1,172.0,M,-34.1,M,,0000*63",
135,1706726468.0,GPS1_Frame,41.973216666666666,-87.90019,172.6,425416.8214438851,4647194.365293885,16,T,1.1,"$GPGGA,184108.000,4158.3930,N,08754.0114,W,1,07,1.1,172.6,M,-34.1,M,,0000*6F",
136,1706726469.0,GPS1_Frame,41.973211666666664,-87.90018833333333,173.1,425416.953699282,4647193.808693767,16,T,1.1,"$GPGGA,184109.000,4158.3927,N,08754.0113,W,1,07,1.1,173.1,M,-34.1,M,,0000*69",
137,1706726470.0,GPS1_Frame,41.973205,-87.90018666666667,173.7,425417.0840101537,4647193.067043976,16,T,1.1,"$GPGGA,184110.000,4158.3923,N,08754.0112,W,1,07,1.1,173.7,M,-34.1,M,,0000*62",
138,1706726471.0,GPS1_Frame,41.97320166666667,-87.90018666666667,174.0,425417.0801210508,4647192.696944621,16,T,1.1,"$GPGGA,184111.000,4158.3921,N,08754.0112,W,1,07,1.1,174.0,M,-34.1,M,,0000*61",
139,1706726472.0,GPS1_Frame,41.973198333333336,-87.90018666666667,174.3,425417.07623194816,4647192.326845267,16,T,1.1,"$GPGGA,184112.000,4158.3919,N,08754.0112,W,1,07,1.1,174.3,M,-34.1,M,,0000*6A",
140,1706726473.0,GPS1_Frame,41.973195,-87.900185,174.7,425417.21043196006,4647191.955294834,16,T,1.1,"$GPGGA,184113.000,4158.3917,N,08754.0111,W,1,07,1.1,174.7,M,-34.1,M,,0000*62",
141,1706726474.0,GPS1_Frame,41.97318666666666,-87.900185,175.3,425417.2007092231,4647191.030046446,16,T,1.1,"$GPGGA,184114.000,4158.3912,N,08754.0111,W,1,07,1.1,175.3,M,-34.1,M,,0000*65",
142,1706726475.0,GPS1_Frame,41.973185,-87.90018333333333,175.6,425417.3368538098,4647190.843545697,16,T,1.1,"$GPGGA,184115.000,4158.3911,N,08754.0110,W,1,07,1.1,175.6,M,-34.1,M,,0000*63",
143,1706726476.0,GPS1_Frame,41.97318166666667,-87.90018333333333,175.9,425417.33296472277,4647190.473446342,16,T,1.1,"$GPGGA,184116.000,4158.3909,N,08754.0110,W,1,07,1.1,175.9,M,-34.1,M,,0000*66",
144,1706726477.0,GPS1_Frame,41.97317833333334,-87.90018166666667,176.2,425417.4671647842,4647190.101895918,16,T,1.1,"$GPGGA,184117.000,4158.3907,N,08754.0109,W,1,07,1.1,176.2,M,-34.1,M,,0000*69",
145,1706726478.0,GPS1_Frame,41.973175,-87.90018166666667,176.5,425417.46327570494,4647189.731796564,16,T,1.1,"$GPGGA,184118.000,4158.3905,N,08754.0109,W,1,07,1.1,176.5,M,-34.1,M,,0000*63",
146,1706726479.0,GPS1_Frame,41.973171666666666,-87.90018166666667,176.8,425417.4593866259,4647189.361697209,16,T,1.1,"$GPGGA,184119.000,4158.3903,N,08754.0109,W,1,07,1.1,176.8,M,-34.1,M,,0000*69",
147,1706726480.0,GPS1_Frame,41.973168333333334,-87.90018,177.1,425417.593586719,4647188.990146788,16,T,1.1,"$GPGGA,184120.000,4158.3901,N,08754.0108,W,1,07,1.1,177.1,M,-34.1,M,,0000*68",
148,1706726481.0,GPS1_Frame,41.973165,-87.90018,177.4,425417.5896976477,4647188.620047435,16,T,1.1,"$GPGGA,184121.000,4158.3899,N,08754.0108,W,1,07,1.1,177.4,M,-34.1,M,,0000*6C",
149,1706726482.0,GPS1_Frame,41.97316166666667,-87.90018,177.7,425417.5858085766,4647188.249948082,16,T,1.1,"$GPGGA,184122.000,4158.3897,N,08754.0108,W,1,07,1.1,177.7,M,-34.1,M,,0000*62",
150,1706726483.0,GPS1_Frame,41.97315833333333,-87.90017833333333,178.0,425417.72000869724,4647187.878397663,16,T,1.1,"$GPGGA,184123.000,4158.3895,N,08754.0107,W,1,07,1.1,178.0,M,-34.1,M,,0000*66",
151,1706726484.0,GPS1_Frame,41.973155,-87.90017833333333,178.3,425417.7161196339,4647187.50829831,16,T,1.1,"$GPGGA,184124.000,4158.3893,N,08754.0107,W,1,07,1.1,178.3,M,-34.1,M,,0000*64",
152,1706726485.0,GPS1_Frame,41.973151666666666,-87.90017833333333,178.6,425417.71223057073,4647187.138198958,16,T,1.1,"$GPGGA,184125.000,4158.3891,N,08754.0107,W,1,07,1.1,178.6,M,-34.1,M,,0000*62",
153,1706726486.0,GPS1_Frame,41.973148333333334,-87.90017666666667,178.9,425417.84643072094,4647186.766648544,16,T,1.1,"$GPGGA,184126.000,4158.3889,N,08754.0106,W,1,07,1.1,178.9,M,-34.1,M,,0000*66",
154,1706726487.0,GPS1_Frame,41.973145,-87.90017666666667,179.2,425417.84254166554,4647186.39654919,16,T,1.1,"$GPGGA,184127.000,4158.3887,N,08754.0106,W,1,07,1.1,179.2,M,-34.1,M,,0000*63",
155,1706726488.0,GPS1_Frame,41.97314166666666,-87.90017666666667,179.5,425417.8386526104,4647186.02644984,16,T,1.1,"$GPGGA,184128.000,4158.3885,N,08754.0106,W,1,07,1.1,179.5,M,-34.1,M,,0000*69",
156,1706726489.0,GPS1_Frame,41.97313833333333,-87.900175,179.7,425417.9728527922,4647185.6548994295,16,T,1.1,"$GPGGA,184129.000,4158.3883,N,08754.0105,W,1,07,1.1,179.7,M,-34.1,M,,0000*6F",
157,1706726490.0,GPS1_Frame,41.97313666666667,-87.900175,180.0,425417.9709082685,4647185.469849752,16,T,1.1,"$GPGGA,184130.000,4158.3882,N,08754.0105,W,1,07,1.1,180.0,M,-34.1,M,,0000*67",
158,1706726491.0,GPS1_Frame,41.97313333333334,-87.900175,180.2,425417.96701922116,4647185.099750402,16,T,1.1,"$GPGGA,184131.000,4158.3880,N,08754.0105,W,1,07,1.1,180.2,M,-34.1,M,,0000*66",
159,1706726492.0,GPS1_Frame,41.97313,-87.90017333333333,180.5,425418.1012194288,4647184.728199994,16,T,1.1,"$GPGGA,184132.000,4158.3878,N,08754.0104,W,1,07,1.1,180.5,M,-34.1,M,,0000*64",
160,1706726493.0,GPS1_Frame,41.973128333333335,-87.90017333333333,180.7,425418.099274909,4647184.543150319,16,T,1.1,"$GPGGA,184133.000,4158.3877,N,08754.0104,W,1,07,1.1,180.7,M,-34.1,M,,0000*68",
161,1706726494.0,GPS1_Frame,41.973125,-87.90017333333333,181.0,425418.0953858695,4647184.173050967,16,T,1.1,"$GPGGA,184134.000,4158.3875,N,08754.0104,W,1,07,1.1,181.0,M,-34.1,M,,0000*6B",
162,1706726495.0,GPS1_Frame,41.973123333333334,-87.90017333333333,181.2,425418.09344134986,4647183.988001292,16,T,1.1,"$GPGGA,184135.000,4158.3874,N,08754.0104,W,1,07,1.1,181.2,M,-34.1,M,,0000*69",
163,1706726496.0,GPS1_Frame,41.97312,-87.90017166666667,181.4,425418.22764158284,4647183.616450887,16,T,1.1,"$GPGGA,184136.000,4158.3872,N,08754.0103,W,1,07,1.1,181.4,M,-34.1,M,,0000*6D",
164,1706726497.0,GPS1_Frame,41.97311666666667,-87.90017166666667,181.7,425418.22375255125,4647183.246351538,16,T,1.1,"$GPGGA,184137.000,4158.3870,N,08754.0103,W,1,07,1.1,181.7,M,-34.1,M,,0000*6D",
165,1706726498.0,GPS1_Frame,41.973115,-87.90017166666667,181.9,425418.2218080355,4647183.061301862,16,T,1.1,"$GPGGA,184138.000,4158.3869,N,08754.0103,W,1,07,1.1,181.9,M,-34.1,M,,0000*64",
166,1706726499.0,GPS1_Frame,41.97311333333333,-87.90017,182.1,425418.3579528106,4647182.874801136,16,T,1.1,"$GPGGA,184139.000,4158.3868,N,08754.0102,W,1,07,1.1,182.1,M,-34.1,M,,0000*6E",
167,1706726500.0,GPS1_Frame,41.97311,-87.90017,182.3,425418.3540637866,4647182.504701786,16,T,1.1,"$GPGGA,184140.000,4158.3866,N,08754.0102,W,1,07,1.1,182.3,M,-34.1,M,,0000*6C",
168,1706726501.0,GPS1_Frame,41.973108333333336,-87.90017,182.6,425418.3521192748,4647182.319652111,16,T,1.1,"$GPGGA,184141.000,4158.3865,N,08754.0102,W,1,07,1.1,182.6,M,-34.1,M,,0000*6B",
169,1706726502.0,GPS1_Frame,41.973105,-87.90017,182.8,425418.34823025117,4647181.949552762,16,T,1.1,"$GPGGA,184142.000,4158.3863,N,08754.0102,W,1,07,1.1,182.8,M,-34.1,M,,0000*60",
170,1706726503.0,GPS1_Frame,41.973103333333334,-87.90016833333334,183.0,425418.4843750497,4647181.76305204,16,T,1.1,"$GPGGA,184143.000,4158.3862,N,08754.0101,W,1,07,1.1,183.0,M,-34.1,M,,0000*6A",
171,1706726504.0,GPS1_Frame,41.973101666666665,-87.90016833333334,183.1,425418.4824305417,4647181.578002363,16,T,1.1,"$GPGGA,184144.000,4158.3861,N,08754.0101,W,1,07,1.1,183.1,M,-34.1,M,,0000*6F",
172,1706726505.0,GPS1_Frame,41.97309833333333,-87.90016833333334,183.3,425418.4785415259,4647181.2079030145,16,T,1.1,"$GPGGA,184145.000,4158.3859,N,08754.0101,W,1,07,1.1,183.3,M,-34.1,M,,0000*67",
173,1706726506.0,GPS1_Frame,41.97309666666666,-87.90016833333334,183.5,425418.4765970181,4647181.02285334,16,T,1.1,"$GPGGA,184146.000,4158.3858,N,08754.0101,W,1,07,1.1,183.5,M,-34.1,M,,0000*63",
174,1706726507.0,GPS1_Frame,41.973095,-87.90016833333334,183.7,425418.4746525103,4647180.837803666,16,T,1.1,"$GPGGA,184147.000,4158.3857,N,08754.0101,W,1,07,1.1,183.7,M,-34.1,M,,0000*6F",
175,1706726508.0,GPS1_Frame,41.97309333333333,-87.90016666666666,183.9,425418.6107973365,4647180.651302947,16,T,1.1,"$GPGGA,184148.000,4158.3856,N,08754.0100,W,1,07,1.1,183.9,M,-34.1,M,,0000*6E",
176,1706726509.0,GPS1_Frame,41.97309166666667,-87.90016666666666,184.0,425418.60885283246,4647180.466253272,16,T,1.1,"$GPGGA,184149.000,4158.3855,N,08754.0100,W,1,07,1.1,184.0,M,-34.1,M,,0000*62",
177,1706726510.0,GPS1_Frame,41.97309,-87.90016666666666,184.2,425418.6069083285,4647180.281203599,16,T,1.1,"$GPGGA,184150.000,4158.3854,N,08754.0100,W,1,07,1.1,184.2,M,-34.1,M,,0000*69",
178,1706726511.0,GPS1_Frame,41.97308833333334,-87.90016666666666,184.3,425418.6049638246,4647180.096153924,16,T,1.1,"$GPGGA,184151.000,4158.3853,N,08754.0100,W,1,07,1.1,184.3,M,-34.1,M,,0000*6E",
179,1706726512.0,GPS1_Frame,41.97308666666667,-87.90016666666666,184.4,425418.60301932076,4647179.91110425,16,T,1.1,"$GPGGA,184152.000,4158.3852,N,08754.0100,W,1,07,1.1,184.4,M,-34.1,M,,0000*6B",
180,1706726513.0,GPS1_Frame,41.97308666666667,-87.90016666666666,184.5,425418.60301932076,4647179.91110425,16,T,1.1,"$GPGGA,184153.000,4158.3852,N,08754.0100,W,1,07,1.1,184.5,M,-34.1,M,,0000*6B",
181,1706726514.0,GPS1_Frame,41.973085,-87.900165,184.6,425418.7391641668,4647179.724603533,16,T,1.1,"$GPGGA,184154.000,4158.3851,N,08754.0099,W,1,07,1.1,184.6,M,-34.1,M,,0000*6D",
182,1706726515.0,GPS1_Frame,41.973083333333335,-87.900165,184.7,425418.73721966665,4647179.539553859,16,T,1.1,"$GPGGA,184155.000,4158.3850,N,08754.0099,W,1,07,1.1,184.7,M,-34.1,M,,0000*6C",
183,1706726516.0,GPS1_Frame,41.973083333333335,-87.900165,184.8,425418.73721966665,4647179.539553859,16,T,1.1,"$GPGGA,184156.000,4158.3850,N,08754.0099,W,1,07,1.1,184.8,M,-34.1,M,,0000*60",
184,1706726517.0,GPS1_Frame,41.973083333333335,-87.900165,184.8,425418.73721966665,4647179.539553859,16,T,1.1,"$GPGGA,184157.000,4158.3850,N,08754.0099,W,1,07,1.1,184.8,M,-34.1,M,,0000*61",
185,1706726518.0,GPS1_Frame,41.973083333333335,-87.900165,184.8,425418.73721966665,4647179.539553859,16,T,1.1,"$GPGGA,184158.000,4158.3850,N,08754.0099,W,1,07,1.1,184.8,M,-34.1,M,,0000*6E",
186,1706726519.0,GPS1_Frame,41.973081666666666,-87.900165,184.9,425418.73527516663,4647179.354504184,16,T,1.1,"$GPGGA,184159.000,4158.3849,N,08754.0099,W,1,07,1.1,184.9,M,-34.1,M,,0000*66",
187,1706726520.0,GPS1_Frame,41.973081666666666,-87.900165,184.9,425418.73527516663,4647179.354504184,16,T,1.1,"$GPGGA,184200.000,4158.3849,N,08754.0099,W,1,07,1.1,184.9,M,-34.1,M,,0000*69",
188,1706726521.0,GPS1_Frame,41.973081666666666,-87.900165,184.9,425418.73527516663,4647179.354504184,16,T,1.1,"$GPGGA,184201.000,4158.3849,N,08754.0099,W,1,07,1.1,184.9,M,-34.1,M,,0000*68",
189,1706726522.0,GPS1_Frame,41.973081666666666,-87.900165,184.9,425418.73527516663,4647179.354504184,16,T,1.1,"$GPGGA,184202.000,4158.3849,N,08754.0099,W,1,07,1.1,184.9,M,-34.1,M,,0000*6B",
190,1706726523.0,GPS1_Frame,41.973081666666666,-87.900165,185.0,425418.73527516663,4647179.354504184,16,T,1.1,"$GPGGA,184203.000,4158.3849,N,08754.0099,W,1,07,1.1,185.0,M,-34.1,M,,0000*62",
191,1706726524.0,GPS1_Frame,41.97308,-87.900165,185.0,425418.73333066667,4647179.16945451,16,T,1.1,"$GPGGA,184204.000,4158.3848,N,08754.0099,W,1,07,1.1,185.0,M,-34.1,M,,0000*64",
192,1706726525.0,GPS1_Frame,41.97308,-87.900165,185.0,425418.73333066667,4647179.16945451,16,T,1.1,"$GPGGA,184205.000,4158.3848,N,08754.0099,W,1,07,1.1,185.0,M,-34.1,M,,0000*65",
193,1706726526.0,GPS1_Frame,41.97308,-87.900165,185.1,425418.73333066667,4647179.16945451,16,T,1.1,"$GPGGA,184206.000,4158.3848,N,08754.0099,W,1,07,1.1,185.1,M,-34.1,M,,0000*67",
194,1706726527.0,GPS1_Frame,41.97308,-87.900165,185.1,425418.73333066667,4647179.16945451,16,T,1.1,"$GPGGA,184207.000,4158.3848,N,08754.0099,W,1,07,1.1,185.1,M,-34.1,M,,0000*66",
195,1706726528.0,GPS1_Frame,41.97308,-87.900165,185.1,425418.73333066667,4647179.16945451,16,T,1.1,"$GPGGA,184208.000,4158.3848,N,08754.0099,W,1,07,1.1,185.1,M,-34.1,M,,0000*69",
196,1706726529.0,GPS1_Frame,41.97308,-87.900165,185.1,425418.73333066667,4647179.16945451,16,T,1.1,"$GPGGA,184209.000,4158.3848,N,08754.0099,W,1,07,1.1,185.1,M,-34.1,M,,0000*68",
197,1706726530.0,GPS1_Frame,41.97307833333333,-87.90016333333334,185.2,425418.869475533,4647178.982953797,16,T,1.1,"$GPGGA,184210.000,4158.3847,N,08754.0098,W,1,07,1.1,185.2,M,-34.1,M,,0000*6D",
198,1706726531.0,GPS1_Frame,41.97307833333333,-87.90016333333334,185.2,425418.869475533,4647178.982953797,16,T,1.1,"$GPGGA,184211.000,4158.3847,N,08754.0098,W,1,07,1.1,185.2,M,-34.1,M,,0000*6C",
199,1706726532.0,GPS1_Frame,41.97307833333333,-87.90016333333334,185.2,425418.869475533,4647178.982953797,16,T,1.1,"$GPGGA,184212.000,4158.3847,N,08754.0098,W,1,07,1.1,185.2,M,-34.1,M,,0000*6F",
200,1706726533.0,GPS1_Frame,41.97307833333333,-87.90016333333334,185.3,425418.869475533,4647178.982953797,16,T,1.1,"$GPGGA,184213.000,4158.3847,N,08754.0098,W,1,07,1.1,185.3,M,-34.1,M,,0000*6F",
201,1706726534.0,GPS1_Frame,41.97307833333333,-87.90016333333334,185.3,425418.869475533,4647178.982953797,16,T,1.1,"$GPGGA,184214.000,4158.3847,N,08754.0098,W,1,07,1.1,185.3,M,-34.1,M,,0000*68",
202,1706726535.0,GPS1_Frame,41.97307833333333,-87.90016333333334,185.3,425418.869475533,4647178.982953797,16,T,1.1,"$GPGGA,184215.000,4158.3847,N,08754.0098,W,1,07,1.1,185.3,M,-34.1,M,,0000*69",
203,1706726536.0,GPS1_Frame,41.973076666666664,-87.90016333333334,185.3,425418.8675310367,4647178.797904122,16,T,1.1,"$GPGGA,184216.000,4158.3846,N,08754.0098,W,1,07,1.1,185.3,M,-34.1,M,,0000*6B",
204,1706726537.0,GPS1_Frame,41.973076666666664,-87.90016333333334,185.4,425418.8675310367,4647178.797904122,16,T,1.1,"$GPGGA,184217.000,4158.3846,N,08754.0098,W,1,07,1.1,185.4,M,-34.1,M,,0000*6D",
205,1706726538.0,GPS1_Frame,41.973076666666664,-87.90016333333334,185.4,425418.8675310367,4647178.797904122,16,T,1.1,"$GPGGA,184218.000,4158.3846,N,08754.0098,W,1,07,1.1,185.4,M,-34.1,M,,0000*62",
206,1706726539.0,GPS1_Frame,41.973076666666664,-87.90016333333334,185.4,425418.8675310367,4647178.797904122,16,T,1.1,"$GPGGA,184219.000,4158.3846,N,08754.0098,W,1,07,1.1,185.4,M,-34.1,M,,0000*63",
207,1706726540.0,GPS1_Frame,41.973075,-87.90016333333334,185.5,425418.86558654055,4647178.612854448,16,T,1.1,"$GPGGA,184220.000,4158.3845,N,08754.0098,W,1,07,1.1,185.5,M,-34.1,M,,0000*6B",
208,1706726541.0,GPS1_Frame,41.973075,-87.90016333333334,185.5,425418.86558654055,4647178.612854448,16,T,1.1,"$GPGGA,184221.000,4158.3845,N,08754.0098,W,1,07,1.1,185.5,M,-34.1,M,,0000*6A",
209,1706726542.0,GPS1_Frame,41.973075,-87.90016333333334,185.5,425418.86558654055,4647178.612854448,16,T,1.1,"$GPGGA,184222.000,4158.3845,N,08754.0098,W,1,07,1.1,185.5,M,-34.1,M,,0000*69",
210,1706726543.0,GPS1_Frame,41.973075,-87.90016333333334,185.6,425418.86558654055,4647178.612854448,16,T,1.1,"$GPGGA,184223.000,4158.3845,N,08754.0098,W,1,07,1.1,185.6,M,-34.1,M,,0000*6B",
211,1706726544.0,GPS1_Frame,41.973075,-87.90016333333334,185.6,425418.86558654055,4647178.612854448,16,T,1.1,"$GPGGA,184224.000,4158.3845,N,08754.0098,W,1,07,1.1,185.6,M,-34.1,M,,0000*6C",
212,1706726545.0,GPS1_Frame,41.97307333333333,-87.90016333333334,185.7,425418.8636420444,4647178.427804775,16,T,1.1,"$GPGGA,184225.000,4158.3844,N,08754.0098,W,1,07,1.1,185.7,M,-34.1,M,,0000*6D",
213,1706726546.0,GPS1_Frame,41.97307333333333,-87.90016166666666,185.7,425419.0017314194,4647178.426353738,16,T,1.1,"$GPGGA,184226.000,4158.3844,N,08754.0097,W,1,07,1.1,185.7,M,-34.1,M,,0000*61",
214,1706726547.0,GPS1_Frame,41.97307333333333,-87.90016166666666,185.7,425419.0017314194,4647178.426353738,16,T,1.1,"$GPGGA,184227.000,4158.3844,N,08754.0097,W,1,07,1.1,185.7,M,-34.1,M,,0000*60",
215,1706726548.0,GPS1_Frame,41.97307333333333,-87.90016166666666,185.8,425419.0017314194,4647178.426353738,16,T,1.1,"$GPGGA,184228.000,4158.3844,N,08754.0097,W,1,07,1.1,185.8,M,-34.1,M,,0000*60",
216,1706726549.0,GPS1_Frame,41.97307166666667,-87.90016166666666,185.8,425418.99978692696,4647178.241304063,16,T,1.1,"$GPGGA,184229.000,4158.3843,N,08754.0097,W,1,07,1.1,185.8,M,-34.1,M,,0000*66",
217,1706726550.0,GPS1_Frame,41.97307166666667,-87.90016166666666,185.9,425418.99978692696,4647178.241304063,16,T,1.1,"$GPGGA,184230.000,4158.3843,N,08754.0097,W,1,07,1.1,185.9,M,-34.1,M,,0000*6F",
218,1706726551.0,GPS1_Frame,41.97307166666667,-87.90016166666666,185.9,425418.99978692696,4647178.241304063,16,T,1.1,"$GPGGA,184231.000,4158.3843,N,08754.0097,W,1,07,1.1,185.9,M,-34.1,M,,0000*6E",
219,1706726552.0,GPS1_Frame,41.973018333333336,-87.90014833333333,190.8,425420.04227915814,4647172.308106334,16,T,1.1,"$GPGGA,184232.000,4158.3811,N,08754.0089,W,1,07,1.1,190.8,M,-34.1,M,,0000*60",
220,1706726553.0,GPS1_Frame,41.973018333333336,-87.90014833333333,190.8,425420.04227915814,4647172.308106334,16,T,1.1,"$GPGGA,184233.000,4158.3811,N,08754.0089,W,1,07,1.1,190.8,M,-34.1,M,,0000*61",
221,1706726554.0,GPS1_Frame,41.973018333333336,-87.90014833333333,190.8,425420.04227915814,4647172.308106334,16,T,1.1,"$GPGGA,184234.000,4158.3811,N,08754.0089,W,1,07,1.1,190.8,M,-34.1,M,,0000*66",
222,1706726555.0,GPS1_Frame,41.973016666666666,-87.90014833333333,190.9,425420.0403346966,4647172.123056662,16,T,1.1,"$GPGGA,184235.000,4158.3810,N,08754.0089,W,1,07,1.1,190.9,M,-34.1,M,,0000*67",
223,1706726556.0,GPS1_Frame,41.973016666666666,-87.90014833333333,190.9,425420.0403346966,4647172.123056662,16,T,1.1,"$GPGGA,184236.000,4158.3810,N,08754.0089,W,1,07,1.1,190.9,M,-34.1,M,,0000*64",
224,1706726557.0,GPS1_Frame,41.973016666666666,-87.90014833333333,191.0,425420.0403346966,4647172.123056662,16,T,1.1,"$GPGGA,184237.000,4158.3810,N,08754.0089,W,1,07,1.1,191.0,M,-34.1,M,,0000*6D",
225,1706726558.0,GPS1_Frame,41.973015,-87.90014833333333,191.0,425420.03839023504,4647171.938006991,16,T,1.1,"$GPGGA,184238.000,4158.3809,N,08754.0089,W,1,07,1.1,191.0,M,-34.1,M,,0000*6A",
226,1706726559.0,GPS1_Frame,41.973015,-87.90014833333333,191.1,425420.03839023504,4647171.938006991,16,T,1.1,"$GPGGA,184239.000,4158.3809,N,08754.0089,W,1,07,1.1,191.1,M,-34.1,M,,0000*6A",
227,1706726560.0,GPS1_Frame,41.973015,-87.90014833333333,191.1,425420.03839023504,4647171.938006991,16,T,1.1,"$GPGGA,184240.000,4158.3809,N,08754.0089,W,1,07,1.1,191.1,M,-34.1,M,,0000*64",
228,1706726561.0,GPS1_Frame,41.973015,-87.90014833333333,191.2,425420.03839023504,4647171.938006991,16,T,1.1,"$GPGGA,184241.000,4158.3809,N,08754.0089,W,1,07,1.1,191.2,M,-34.1,M,,0000*66",
229,1706726562.0,GPS1_Frame,41.973013333333334,-87.90014833333333,191.2,425420.0364457737,4647171.752957319,16,T,1.1,"$GPGGA,184242.000,4158.3808,N,08754.0089,W,1,07,1.1,191.2,M,-34.1,M,,0000*64",
230,1706726563.0,GPS1_Frame,41.973013333333334,-87.90014833333333,191.3,425420.0364457737,4647171.752957319,16,T,1.1,"$GPGGA,184243.000,4158.3808,N,08754.0089,W,1,07,1.1,191.3,M,-34.1,M,,0000*64",
231,1706726564.0,GPS1_Frame,41.973013333333334,-87.90014666666667,191.3,425420.1745352803,4647171.751506306,16,T,1.1,"$GPGGA,184244.000,4158.3808,N,08754.0088,W,1,07,1.1,191.3,M,-34.1,M,,0000*62",
232,1706726565.0,GPS1_Frame,41.973011666666665,-87.90014666666667,191.3,425420.17259082256,4647171.566456633,16,T,1.1,"$GPGGA,184245.000,4158.3807,N,08754.0088,W,1,07,1.1,191.3,M,-34.1,M,,0000*6C",
233,1706726566.0,GPS1_Frame,41.973011666666665,-87.90014666666667,191.4,425420.17259082256,4647171.566456633,16,T,1.1,"$GPGGA,184246.000,4158.3807,N,08754.0088,W,1,07,1.1,191.4,M,-34.1,M,,0000*68",
234,1706726567.0,GPS1_Frame,41.973011666666665,-87.90014666666667,191.4,425420.17259082256,4647171.566456633,16,T,1.1,"$GPGGA,184247.000,4158.3807,N,08754.0088,W,1,07,1.1,191.4,M,-34.1,M,,0000*69",
235,1706726568.0,GPS1_Frame,41.973011666666665,-87.90014666666667,191.5,425420.17259082256,4647171.566456633,16,T,1.1,"$GPGGA,184248.000,4158.3807,N,08754.0088,W,1,07,1.1,191.5,M,-34.1,M,,0000*67",
236,1706726569.0,GPS1_Frame,41.97301,-87.90014666666667,191.5,425420.17064636486,4647171.381406962,16,T,1.1,"$GPGGA,184249.000,4158.3806,N,08754.0088,W,1,07,1.1,191.5,M,-34.1,M,,0000*67",
237,1706726570.0,GPS1_Frame,41.97301,-87.90014666666667,191.5,425420.17064636486,4647171.381406962,16,T,1.1,"$GPGGA,184250.000,4158.3806,N,08754.0088,W,1,07,1.1,191.5,M,-34.1,M,,0000*6F",
238,1706726571.0,GPS1_Frame,41.97301,-87.90014666666667,191.6,425420.17064636486,4647171.381406962,16,T,1.1,"$GPGGA,184251.000,4158.3806,N,08754.0088,W,1,07,1.1,191.6,M,-34.1,M,,0000*6D",
239,1706726572.0,GPS1_Frame,41.97301,-87.90014666666667,191.6,425420.17064636486,4647171.381406962,16,T,1.1,"$GPGGA,184252.000,4158.3806,N,08754.0088,W,1,07,1.1,191.6,M,-34.1,M,,0000*6E",
240,1706726573.0,GPS1_Frame,41.97301,-87.90014666666667,191.6,425420.17064636486,4647171.381406962,16,T,1.1,"$GPGGA,184253.000,4158.3806,N,08754.0088,W,1,07,1.1,191.6,M,-34.1,M,,0000*6F",
241,1706726574.0,GPS1_Frame,41.97300833333333,-87.90014666666667,191.6,425420.16870190715,4647171.196357291,16,T,1.1,"$GPGGA,184254.000,4158.3805,N,08754.0088,W,1,07,1.1,191.6,M,-34.1,M,,0000*6B",
242,1706726575.0,GPS1_Frame,41.97300833333333,-87.90014666666667,191.7,425420.16870190715,4647171.196357291,16,T,1.1,"$GPGGA,184255.000,4158.3805,N,08754.0088,W,1,07,1.1,191.7,M,-34.1,M,,0000*6B",
243,1706726576.0,GPS1_Frame,41.97300833333333,-87.90014666666667,191.7,425420.16870190715,4647171.196357291,16,T,1.1,"$GPGGA,184256.000,4158.3805,N,08754.0088,W,1,07,1.1,191.7,M,-34.1,M,,0000*68",
244,1706726577.0,GPS1_Frame,41.97300833333333,-87.90014666666667,191.7,425420.16870190715,4647171.196357291,16,T,1.1,"$GPGGA,184257.000,4158.3805,N,08754.0088,W,1,07,1.1,191.7,M,-34.1,M,,0000*69",
245,1706726578.0,GPS1_Frame,41.97300833333333,-87.90014666666667,191.7,425420.16870190715,4647171.196357291,16,T,1.1,"$GPGGA,184258.000,4158.3805,N,08754.0088,W,1,07,1.1,191.7,M,-34.1,M,,0000*66",
246,1706726579.0,GPS1_Frame,41.97300833333333,-87.90014666666667,191.8,425420.16870190715,4647171.196357291,16,T,1.1,"$GPGGA,184259.000,4158.3805,N,08754.0088,W,1,07,1.1,191.8,M,-34.1,M,,0000*68",
247,1706726580.0,GPS1_Frame,41.97300666666667,-87.90014666666667,191.8,425420.16675744957,4647171.0113076195,16,T,1.1,"$GPGGA,184300.000,4158.3804,N,08754.0088,W,1,07,1.1,191.8,M,-34.1,M,,0000*64",
248,1706726581.0,GPS1_Frame,41.97300666666667,-87.90014666666667,191.8,425420.16675744957,4647171.0113076195,16,T,1.1,"$GPGGA,184301.000,4158.3804,N,08754.0088,W,1,07,1.1,191.8,M,-34.1,M,,0000*65",
249,1706726582.0,GPS1_Frame,41.97300666666667,-87.90014666666667,191.9,425420.16675744957,4647171.0113076195,16,T,1.1,"$GPGGA,184302.000,4158.3804,N,08754.0088,W,1,07,1.1,191.9,M,-34.1,M,,0000*67",
250,1706726583.0,GPS1_Frame,41.97300666666667,-87.90014666666667,191.9,425420.16675744957,4647171.0113076195,16,T,1.1,"$GPGGA,184303.000,4158.3804,N,08754.0088,W,1,07,1.1,191.9,M,-34.1,M,,0000*66",
251,1706726584.0,GPS1_Frame,41.973005,-87.900145,191.9,425420.30290251673,4647170.824806938,16,T,1.1,"$GPGGA,184304.000,4158.3803,N,08754.0087,W,1,07,1.1,191.9,M,-34.1,M,,0000*69",
252,1706726585.0,GPS1_Frame,41.973005,-87.900145,192.0,425420.30290251673,4647170.824806938,16,T,1.1,"$GPGGA,184305.000,4158.3803,N,08754.0087,W,1,07,1.1,192.0,M,-34.1,M,,0000*62",
253,1706726586.0,GPS1_Frame,41.973005,-87.900145,192.0,425420.30290251673,4647170.824806938,16,T,1.1,"$GPGGA,184306.000,4158.3803,N,08754.0087,W,1,07,1.1,192.0,M,-34.1,M,,0000*61",
254,1706726587.0,GPS1_Frame,41.973005,-87.900145,192.0,425420.30290251673,4647170.824806938,16,T,1.1,"$GPGGA,184307.000,4158.3803,N,08754.0087,W,1,07,1.1,192.0,M,-34.1,M,,0000*60",
255,1706726588.0,GPS1_Frame,41.973005,-87.900145,192.0,425420.30290251673,4647170.824806938,16,T,1.1,"$GPGGA,184308.000,4158.3803,N,08754.0087,W,1,07,1.1,192.0,M,-34.1,M,,0000*6F",
256,1706726589.0,GPS1_Frame,41.97300333333333,-87.900145,192.1,425420.3009580629,4647170.639757266,16,T,1.1,"$GPGGA,184309.000,4158.3802,N,08754.0087,W,1,07,1.1,192.1,M,-34.1,M,,0000*6E",
257,1706726590.0,GPS1_Frame,41.97300333333333,-87.900145,192.1,425420.3009580629,4647170.639757266,16,T,1.1,"$GPGGA,184310.000,4158.3802,N,08754.0087,W,1,07,1.1,192.1,M,-34.1,M,,0000*66",
258,1706726591.0,GPS1_Frame,41.97300333333333,-87.900145,192.2,425420.3009580629,4647170.639757266,16,T,1.1,"$GPGGA,184311.000,4158.3802,N,08754.0087,W,1,07,1.1,192.2,M,-34.1,M,,0000*64",
259,1706726592.0,GPS1_Frame,41.97300333333333,-87.900145,192.2,425420.3009580629,4647170.639757266,16,T,1.1,"$GPGGA,184312.000,4158.3802,N,08754.0087,W,1,07,1.1,192.2,M,-34.1,M,,0000*67",
260,1706726593.0,GPS1_Frame,41.97300166666667,-87.900145,192.2,425420.29901360907,4647170.4547075955,16,T,1.1,"$GPGGA,184313.000,4158.3801,N,08754.0087,W,1,07,1.1,192.2,M,-34.1,M,,0000*65",
261,1706726594.0,GPS1_Frame,41.97300166666667,-87.900145,192.3,425420.29901360907,4647170.4547075955,16,T,1.1,"$GPGGA,184314.000,4158.3801,N,08754.0087,W,1,07,1.1,192.3,M,-34.1,M,,0000*63",
262,1706726595.0,GPS1_Frame,41.97300166666667,-87.900145,192.3,425420.29901360907,4647170.4547075955,16,T,1.1,"$GPGGA,184315.000,4158.3801,N,08754.0087,W,1,07,1.1,192.3,M,-34.1,M,,0000*62",
263,1706726596.0,GPS1_Frame,41.97300166666667,-87.900145,192.3,425420.29901360907,4647170.4547075955,16,T,1.1,"$GPGGA,184316.000,4158.3801,N,08754.0087,W,1,07,1.1,192.3,M,-34.1,M,,0000*61",
264,1706726597.0,GPS1_Frame,41.973,-87.900145,192.4,425420.2970691554,4647170.269657924,16,T,1.1,"$GPGGA,184317.000,4158.3800,N,08754.0087,W,1,07,1.1,192.4,M,-34.1,M,,0000*66",
265,1706726598.0,GPS1_Frame,41.973,-87.900145,192.4,425420.2970691554,4647170.269657924,16,T,1.1,"$GPGGA,184318.000,4158.3800,N,08754.0087,W,1,07,1.1,192.4,M,-34.1,M,,0000*69",
266,1706726599.0,GPS1_Frame,41.973,-87.900145,192.5,425420.2970691554,4647170.269657924,16,T,1.1,"$GPGGA,184319.000,4158.3800,N,08754.0087,W,1,07,1.1,192.5,M,-34.1,M,,0000*69",
267,1706726600.0,GPS1_Frame,41.973,-87.900145,192.5,425420.2970691554,4647170.269657924,16,T,1.1,"$GPGGA,184320.000,4158.3800,N,08754.0087,W,1,07,1.1,192.5,M,-34.1,M,,0000*63",
268,1706726601.0,GPS1_Frame,41.973,-87.900145,192.5,425420.2970691554,4647170.269657924,16,T,1.1,"$GPGGA,184321.000,4158.3800,N,08754.0087,W,1,07,1.1,192.5,M,-34.1,M,,0000*62",
269,1706726602.0,GPS1_Frame,41.97299833333334,-87.900145,192.6,425420.2951247017,4647170.084608253,16,T,1.1,"$GPGGA,184322.000,4158.3799,N,08754.0087,W,1,07,1.1,192.6,M,-34.1,M,,0000*6D",
270,1706726603.0,GPS1_Frame,41.97299833333334,-87.900145,192.6,425420.2951247017,4647170.084608253,16,T,1.1,"$GPGGA,184323.000,4158.3799,N,08754.0087,W,1,07,1.1,192.6,M,-34.1,M,,0000*6C",
271,1706726604.0,GPS1_Frame,41.97299833333334,-87.900145,192.6,425420.2951247017,4647170.084608253,16,T,1.1,"$GPGGA,184324.000,4158.3799,N,08754.0087,W,1,07,1.1,192.6,M,-34.1,M,,0000*6B",
272,1706726605.0,GPS1_Frame,41.97299833333334,-87.900145,192.7,425420.2951247017,4647170.084608253,16,T,1.1,"$GPGGA,184325.000,4158.3799,N,08754.0087,W,1,07,1.1,192.7,M,-34.1,M,,0000*6B",
273,1706726606.0,GPS1_Frame,41.97299666666667,-87.90014333333333,192.7,425420.43126978655,4647169.898107572,16,T,1.1,"$GPGGA,184326.000,4158.3798,N,08754.0086,W,1,07,1.1,192.7,M,-34.1,M,,0000*68",
274,1706726607.0,GPS1_Frame,41.97299666666667,-87.90014333333333,192.8,425420.43126978655,4647169.898107572,16,T,1.1,"$GPGGA,184327.000,4158.3798,N,08754.0086,W,1,07,1.1,192.8,M,-34.1,M,,0000*66",
275,1706726608.0,GPS1_Frame,41.97299666666667,-87.90014333333333,192.8,425420.43126978655,4647169.898107572,16,T,1.1,"$GPGGA,184328.000,4158.3798,N,08754.0086,W,1,07,1.1,192.8,M,-34.1,M,,0000*69",
276,1706726609.0,GPS1_Frame,41.972995,-87.90014333333333,192.9,425420.4293253366,4647169.713057901,16,T,1.1,"$GPGGA,184329.000,4158.3797,N,08754.0086,W,1,07,1.1,192.9,M,-34.1,M,,0000*66",
277,1706726610.0,GPS1_Frame,41.972995,-87.90014333333333,192.9,425420.4293253366,4647169.713057901,16,T,1.1,"$GPGGA,184330.000,4158.3797,N,08754.0086,W,1,07,1.1,192.9,M,-34.1,M,,0000*6E",
278,1706726611.0,GPS1_Frame,41.972995,-87.90014333333333,192.9,425420.4293253366,4647169.713057901,16,T,1.1,"$GPGGA,184331.000,4158.3797,N,08754.0086,W,1,07,1.1,192.9,M,-34.1,M,,0000*6F",
279,1706726612.0,GPS1_Frame,41.972993333333335,-87.90014333333333,193.0,425420.42738088674,4647169.52800823,16,T,1.1,"$GPGGA,184332.000,4158.3796,N,08754.0086,W,1,07,1.1,193.0,M,-34.1,M,,0000*65",
280,1706726613.0,GPS1_Frame,41.972993333333335,-87.90014333333333,193.0,425420.42738088674,4647169.52800823,16,T,1.1,"$GPGGA,184333.000,4158.3796,N,08754.0086,W,1,07,1.1,193.0,M,-34.1,M,,0000*64",
281,1706726614.0,GPS1_Frame,41.972993333333335,-87.90014333333333,193.1,425420.42738088674,4647169.52800823,16,T,1.1,"$GPGGA,184334.000,4158.3796,N,08754.0086,W,1,07,1.1,193.1,M,-34.1,M,,0000*62",
282,1706726615.0,GPS1_Frame,41.972993333333335,-87.90014333333333,193.1,425420.42738088674,4647169.52800823,16,T,1.1,"$GPGGA,184335.000,4158.3796,N,08754.0086,W,1,07,1.1,193.1,M,-34.1,M,,0000*63",
