seq,stamp,frame_id,latitude,longitude,altitude,utm_easting,utm_northing,zone,letter,hdop,gpgga_read
22,1706629984.0,GPS1_Frame,42.34026166666666,-71.090815,-11.9,327765.5969221628,4689673.318684096,19,T,3.4,"$GPGGA,155304.000,4220.4157,N,07105.4489,W,1,04,3.4,-11.9,M,-33.8,M,,0000*7B"
23,1706629985.0,GPS1_Frame,42.34026166666666,-71.090815,-11.8,327765.5969221628,4689673.318684096,19,T,3.4,"$GPGGA,155305.000,4220.4157,N,07105.4489,W,1,04,3.4,-11.8,M,-33.8,M,,0000*7B"
24,1706629986.0,GPS1_Frame,42.34026166666666,-71.090815,-11.8,327765.5969221628,4689673.318684096,19,T,3.4,"$GPGGA,155306.000,4220.4157,N,07105.4489,W,1,04,3.4,-11.8,M,-33.8,M,,0000*78"
25,1706629987.0,GPS1_Frame,42.34026333333333,-71.090815,-11.7,327765.6014729134,4689673.5037548365,19,T,3.4,"$GPGGA,155307.000,4220.4158,N,07105.4489,W,1,04,3.4,-11.7,M,-33.8,M,,0000*79"
26,1706629988.0,GPS1_Frame,42.34026333333333,-71.090815,-11.7,327765.6014729134,4689673.5037548365,19,T,3.4,"$GPGGA,155308.000,4220.4158,N,07105.4489,W,1,04,3.4,-11.7,M,-33.8,M,,0000*76"
27,1706629989.0,GPS1_Frame,42.34026333333333,-71.090815,-11.7,327765.6014729134,4689673.5037548365,19,T,3.4,"$GPGGA,155309.000,4220.4158,N,07105.4489,W,1,04,3.4,-11.7,M,-33.8,M,,0000*77"
28,1706629990.0,GPS1_Frame,42.34026333333333,-71.090815,-11.6,327765.6014729134,4689673.5037548365,19,T,3.4,"$GPGGA,155310.000,4220.4158,N,07105.4489,W,1,04,3.4,-11.6,M,-33.8,M,,0000*7E"
29,1706629991.0,GPS1_Frame,42.34026333333333,-71.090815,-11.6,327765.6014729134,4689673.5037548365,19,T,3.4,"$GPGGA,155311.000,4220.4158,N,07105.4489,W,1,04,3.4,-11.6,M,-33.8,M,,0000*7F"
30,1706629992.0,GPS1_Frame,42.34026333333333,-71.090815,-11.6,327765.6014729134,4689673.5037548365,19,T,3.4,"$GPGGA,155312.000,4220.4158,N,07105.4489,W,1,04,3.4,-11.6,M,-33.8,M,,0000*7C"
31,1706629993.0,GPS1_Frame,42.34026333333333,-71.090815,-11.5,327765.6014729134,4689673.5037548365,19,T,3.4,"$GPGGA,155313.000,4220.4158,N,07105.4489,W,1,04,3.4,-11.5,M,-33.8,M,,0000*7E"
32,1706629994.0,GPS1_Frame,42.340265,-71.090815,-11.5,327765.606023664,4689673.688825574,19,T,3.4,"$GPGGA,155314.000,4220.4159,N,07105.4489,W,1,04,3.4,-11.5,M,-33.8,M,,0000*78"
33,1706629995.0,GPS1_Frame,42.340265,-71.090815,-11.5,327765.606023664,4689673.688825574,19,T,3.4,"$GPGGA,155315.000,4220.4159,N,07105.4489,W,1,04,3.4,-11.5,M,-33.8,M,,0000*79"
34,1706629996.0,GPS1_Frame,42.340265,-71.090815,-11.4,327765.606023664,4689673.688825574,19,T,3.4,"$GPGGA,155316.000,4220.4159,N,07105.4489,W,1,04,3.4,-11.4,M,-33.8,M,,0000*7B"
35,1706629997.0,GPS1_Frame,42.340265,-71.090815,-11.4,327765.606023664,4689673.688825574,19,T,3.4,"$GPGGA,155317.000,4220.4159,N,07105.4489,W,1,04,3.4,-11.4,M,-33.8,M,,0000*7A"
36,1706629998.0,GPS1_Frame,42.340265,-71.090815,-11.3,327765.606023664,4689673.688825574,19,T,3.4,"$GPGGA,155318.000,4220.4159,N,07105.4489,W,1,04,3.4,-11.3,M,-33.8,M,,0000*72"
37,1706629999.0,GPS1_Frame,42.340265,-71.090815,-11.3,327765.606023664,4689673.688825574,19,T,3.4,"$GPGGA,155319.000,4220.4159,N,07105.4489,W,1,04,3.4,-11.3,M,-33.8,M,,0000*73"
38,1706630000.0,GPS1_Frame,42.340266666666665,-71.090815,-11.3,327765.61057441484,4689673.873896312,19,T,3.4,"$GPGGA,155320.000,4220.4160,N,07105.4489,W,1,04,3.4,-11.3,M,-33.8,M,,0000*73"
39,1706630001.0,GPS1_Frame,42.340266666666665,-71.090815,-11.2,327765.61057441484,4689673.873896312,19,T,3.4,"$GPGGA,155321.000,4220.4160,N,07105.4489,W,1,04,3.4,-11.2,M,-33.8,M,,0000*73"
40,1706630002.0,GPS1_Frame,42.340266666666665,-71.090815,-11.2,327765.61057441484,4689673.873896312,19,T,3.4,"$GPGGA,155322.000,4220.4160,N,07105.4489,W,1,04,3.4,-11.2,M,-33.8,M,,0000*70"
41,1706630003.0,GPS1_Frame,42.340266666666665,-71.090815,-11.1,327765.61057441484,4689673.873896312,19,T,3.4,"$GPGGA,155323.000,4220.4160,N,07105.4489,W,1,04,3.4,-11.1,M,-33.8,M,,0000*72"
42,1706630004.0,GPS1_Frame,42.340266666666665,-71.090815,-11.1,327765.61057441484,4689673.873896312,19,T,3.4,"$GPGGA,155324.000,4220.4160,N,07105.4489,W,1,04,3.4,-11.1,M,-33.8,M,,0000*75"
43,1706630005.0,GPS1_Frame,42.340266666666665,-71.090815,-11.1,327765.61057441484,4689673.873896312,19,T,3.4,"$GPGGA,155325.000,4220.4160,N,07105.4489,W,1,04,3.4,-11.1,M,-33.8,M,,0000*74"
44,1706630006.0,GPS1_Frame,42.340266666666665,-71.090815,-11.0,327765.61057441484,4689673.873896312,19,T,3.4,"$GPGGA,155326.000,4220.4160,N,07105.4489,W,1,04,3.4,-11.0,M,-33.8,M,,0000*76"
45,1706630007.0,GPS1_Frame,42.340268333333334,-71.090815,-11.0,327765.61512516584,4689674.058967051,19,T,3.4,"$GPGGA,155327.000,4220.4161,N,07105.4489,W,1,04,3.4,-11.0,M,-33.8,M,,0000*76"
46,1706630008.0,GPS1_Frame,42.340268333333334,-71.090815,-10.9,327765.61512516584,4689674.058967051,19,T,3.4,"$GPGGA,155328.000,4220.4161,N,07105.4489,W,1,04,3.4,-10.9,M,-33.8,M,,0000*71"
47,1706630009.0,GPS1_Frame,42.340268333333334,-71.090815,-10.9,327765.61512516584,4689674.058967051,19,T,3.4,"$GPGGA,155329.000,4220.4161,N,07105.4489,W,1,04,3.4,-10.9,M,-33.8,M,,0000*70"
48,1706630010.0,GPS1_Frame,42.340268333333334,-71.090815,-10.9,327765.61512516584,4689674.058967051,19,T,3.4,"$GPGGA,155330.000,4220.4161,N,07105.4489,W,1,04,3.4,-10.9,M,-33.8,M,,0000*78"
49,1706630011.0,GPS1_Frame,42.340268333333334,-71.090815,-10.8,327765.61512516584,4689674.058967051,19,T,3.4,"$GPGGA,155331.000,4220.4161,N,07105.4489,W,1,04,3.4,-10.8,M,-33.8,M,,0000*78"
50,1706630012.0,GPS1_Frame,42.340268333333334,-71.090815,-10.8,327765.61512516584,4689674.058967051,19,T,3.4,"$GPGGA,155332.000,4220.4161,N,07105.4489,W,1,04,3.4,-10.8,M,-33.8,M,,0000*7B"
51,1706630013.0,GPS1_Frame,42.34027,-71.090815,-10.7,327765.61967591697,4689674.244037787,19,T,3.4,"$GPGGA,155333.000,4220.4162,N,07105.4489,W,1,04,3.4,-10.7,M,-33.8,M,,0000*76"
52,1706630014.0,GPS1_Frame,42.34027,-71.090815,-10.7,327765.61967591697,4689674.244037787,19,T,3.4,"$GPGGA,155334.000,4220.4162,N,07105.4489,W,1,04,3.4,-10.7,M,-33.8,M,,0000*71"
53,1706630015.0,GPS1_Frame,42.34027,-71.090815,-10.6,327765.61967591697,4689674.244037787,19,T,3.4,"$GPGGA,155335.000,4220.4162,N,07105.4489,W,1,04,3.4,-10.6,M,-33.8,M,,0000*71"
54,1706630016.0,GPS1_Frame,42.34027,-71.090815,-10.6,327765.61967591697,4689674.244037787,19,T,3.4,"$GPGGA,155336.000,4220.4162,N,07105.4489,W,1,04,3.4,-10.6,M,-33.8,M,,0000*72"
55,1706630016.0,GPS1_Frame,42.34027,-71.09081666666667,-10.6,327765.48237571574,4689674.247413899,19,T,3.4,"$GPGGA,155336.000,4220.4162,N,07105.4490,W,1,04,3.4,-10.6,M,-33.8,M,,0000*7A"
56,1706630017.0,GPS1_Frame,42.34027,-71.09081666666667,-10.5,327765.48237571574,4689674.247413899,19,T,3.4,"$GPGGA,155337.000,4220.4162,N,07105.4490,W,1,04,3.4,-10.5,M,-33.8,M,,0000*78"
57,1706630018.0,GPS1_Frame,42.34027,-71.09081666666667,-10.5,327765.48237571574,4689674.247413899,19,T,3.4,"$GPGGA,155338.000,4220.4162,N,07105.4490,W,1,04,3.4,-10.5,M,-33.8,M,,0000*77"
58,1706630019.0,GPS1_Frame,42.340271666666666,-71.09081666666667,-10.4,327765.48692647065,4689674.432484638,19,T,3.4,"$GPGGA,155339.000,4220.4163,N,07105.4490,W,1,04,3.4,-10.4,M,-33.8,M,,0000*76"
59,1706630020.0,GPS1_Frame,42.340271666666666,-71.09081666666667,-10.4,327765.48692647065,4689674.432484638,19,T,3.4,"$GPGGA,155340.000,4220.4163,N,07105.4490,W,1,04,3.4,-10.4,M,-33.8,M,,0000*78"
60,1706630021.0,GPS1_Frame,42.340271666666666,-71.09081666666667,-10.4,327765.48692647065,4689674.432484638,19,T,3.4,"$GPGGA,155341.000,4220.4163,N,07105.4490,W,1,04,3.4,-10.4,M,-33.8,M,,0000*79"
61,1706630022.0,GPS1_Frame,42.340271666666666,-71.09081666666667,-10.3,327765.48692647065,4689674.432484638,19,T,3.4,"$GPGGA,155342.000,4220.4163,N,07105.4490,W,1,04,3.4,-10.3,M,-33.8,M,,0000*7D"
62,1706630023.0,GPS1_Frame,42.340271666666666,-71.09081666666667,-10.3,327765.48692647065,4689674.432484638,19,T,3.4,"$GPGGA,155343.000,4220.4163,N,07105.4490,W,1,04,3.4,-10.3,M,-33.8,M,,0000*7C"
63,1706630024.0,GPS1_Frame,42.340271666666666,-71.09081666666667,-10.2,327765.48692647065,4689674.432484638,19,T,3.4,"$GPGGA,155344.000,4220.4163,N,07105.4490,W,1,04,3.4,-10.2,M,-33.8,M,,0000*7A"
64,1706630025.0,GPS1_Frame,42.340271666666666,-71.09081666666667,-10.2,327765.48692647065,4689674.432484638,19,T,3.4,"$GPGGA,155345.000,4220.4163,N,07105.4490,W,1,04,3.4,-10.2,M,-33.8,M,,0000*7B"
65,1706630026.0,GPS1_Frame,42.340273333333336,-71.09081666666667,-10.2,327765.4914772257,4689674.617555376,19,T,3.4,"$GPGGA,155346.000,4220.4164,N,07105.4490,W,1,04,3.4,-10.2,M,-33.8,M,,0000*7F"
66,1706630027.0,GPS1_Frame,42.340273333333336,-71.09081666666667,-10.1,327765.4914772257,4689674.617555376,19,T,3.4,"$GPGGA,155347.000,4220.4164,N,07105.4490,W,1,04,3.4,-10.1,M,-33.8,M,,0000*7D"
67,1706630028.0,GPS1_Frame,42.340273333333336,-71.09081666666667,-10.1,327765.4914772257,4689674.617555376,19,T,3.4,"$GPGGA,155348.000,4220.4164,N,07105.4490,W,1,04,3.4,-10.1,M,-33.8,M,,0000*72"
68,1706630029.0,GPS1_Frame,42.340273333333336,-71.09081666666667,-10.0,327765.4914772257,4689674.617555376,19,T,3.4,"$GPGGA,155349.000,4220.4164,N,07105.4490,W,1,04,3.4,-10.0,M,-33.8,M,,0000*72"
69,1706630030.0,GPS1_Frame,42.340273333333336,-71.09081666666667,-10.0,327765.4914772257,4689674.617555376,19,T,3.4,"$GPGGA,155350.000,4220.4164,N,07105.4490,W,1,04,3.4,-10.0,M,-33.8,M,,0000*7A"
70,1706630031.0,GPS1_Frame,42.340273333333336,-71.09081666666667,-10.0,327765.4914772257,4689674.617555376,19,T,3.4,"$GPGGA,155351.000,4220.4164,N,07105.4490,W,1,04,3.4,-10.0,M,-33.8,M,,0000*7B"
71,1706630032.0,GPS1_Frame,42.340273333333336,-71.09081666666667,-9.9,327765.4914772257,4689674.617555376,19,T,3.4,"$GPGGA,155352.000,4220.4164,N,07105.4490,W,1,04,3.4,-9.9,M,-33.8,M,,0000*49"
72,1706630033.0,GPS1_Frame,42.340275,-71.09081666666667,-9.9,327765.4960279809,4689674.802626114,19,T,3.4,"$GPGGA,155353.000,4220.4165,N,07105.4490,W,1,04,3.4,-9.9,M,-33.8,M,,0000*49"
73,1706630034.0,GPS1_Frame,42.340275,-71.09081666666667,-9.9,327765.4960279809,4689674.802626114,19,T,3.4,"$GPGGA,155354.000,4220.4165,N,07105.4490,W,1,04,3.4,-9.9,M,-33.8,M,,0000*4E"
74,1706630035.0,GPS1_Frame,42.340275,-71.09081666666667,-9.8,327765.4960279809,4689674.802626114,19,T,3.4,"$GPGGA,155355.000,4220.4165,N,07105.4490,W,1,04,3.4,-9.8,M,-33.8,M,,0000*4E"
75,1706630036.0,GPS1_Frame,42.340275,-71.09081666666667,-9.8,327765.4960279809,4689674.802626114,19,T,3.4,"$GPGGA,155356.000,4220.4165,N,07105.4490,W,1,04,3.4,-9.8,M,-33.8,M,,0000*4D"
76,1706630037.0,GPS1_Frame,42.340275,-71.09081666666667,-9.7,327765.4960279809,4689674.802626114,19,T,3.4,"$GPGGA,155357.000,4220.4165,N,07105.4490,W,1,04,3.4,-9.7,M,-33.8,M,,0000*43"
77,1706630038.0,GPS1_Frame,42.340275,-71.09081666666667,-9.7,327765.4960279809,4689674.802626114,19,T,3.4,"$GPGGA,155358.000,4220.4165,N,07105.4490,W,1,04,3.4,-9.7,M,-33.8,M,,0000*4C"
78,1706630039.0,GPS1_Frame,42.340275,-71.09081666666667,-9.7,327765.4960279809,4689674.802626114,19,T,3.4,"$GPGGA,155359.000,4220.4165,N,07105.4490,W,1,04,3.4,-9.7,M,-33.8,M,,0000*4D"
79,1706630040.0,GPS1_Frame,42.34027666666667,-71.09081666666667,-9.6,327765.5005787362,4689674.9876968535,19,T,3.4,"$GPGGA,155400.000,4220.4166,N,07105.4490,W,1,04,3.4,-9.6,M,-33.8,M,,0000*44"
80,1706630041.0,GPS1_Frame,42.34027666666667,-71.09081666666667,-9.6,327765.5005787362,4689674.9876968535,19,T,3.4,"$GPGGA,155401.000,4220.4166,N,07105.4490,W,1,04,3.4,-9.6,M,-33.8,M,,0000*45"
81,1706630042.0,GPS1_Frame,42.34027666666667,-71.09081666666667,-9.5,327765.5005787362,4689674.9876968535,19,T,3.4,"$GPGGA,155402.000,4220.4166,N,07105.4490,W,1,04,3.4,-9.5,M,-33.8,M,,0000*45"
82,1706630043.0,GPS1_Frame,42.34027666666667,-71.09081666666667,-9.5,327765.5005787362,4689674.9876968535,19,T,3.4,"$GPGGA,155403.000,4220.4166,N,07105.4490,W,1,04,3.4,-9.5,M,-33.8,M,,0000*44"
83,1706630044.0,GPS1_Frame,42.34027666666667,-71.09081666666667,-9.5,327765.5005787362,4689674.9876968535,19,T,3.4,"$GPGGA,155404.000,4220.4166,N,07105.4490,W,1,04,3.4,-9.5,M,-33.8,M,,0000*43"
84,1706630045.0,GPS1_Frame,42.34027666666667,-71.09081666666667,-9.4,327765.5005787362,4689674.9876968535,19,T,3.4,"$GPGGA,155405.000,4220.4166,N,07105.4490,W,1,04,3.4,-9.4,M,-33.8,M,,0000*43"
85,1706630046.0,GPS1_Frame,42.34027666666667,-71.09081666666667,-9.4,327765.5005787362,4689674.9876968535,19,T,3.4,"$GPGGA,155406.000,4220.4166,N,07105.4490,W,1,04,3.4,-9.4,M,-33.8,M,,0000*40"
86,1706630047.0,GPS1_Frame,42.34027666666667,-71.09081666666667,-9.4,327765.5005787362,4689674.9876968535,19,T,3.4,"$GPGGA,155407.000,4220.4166,N,07105.4490,W,1,04,3.4,-9.4,M,-33.8,M,,0000*41"
87,1706630048.0,GPS1_Frame,42.34027833333333,-71.09081666666667,-9.3,327765.5051294917,4689675.172767591,19,T,3.4,"$GPGGA,155408.000,4220.4167,N,07105.4490,W,1,04,3.4,-9.3,M,-33.8,M,,0000*48"
88,1706630049.0,GPS1_Frame,42.34027833333333,-71.09081666666667,-9.3,327765.5051294917,4689675.172767591,19,T,3.4,"$GPGGA,155409.000,4220.4167,N,07105.4490,W,1,04,3.4,-9.3,M,-33.8,M,,0000*49"
89,1706630050.0,GPS1_Frame,42.34027833333333,-71.09081666666667,-9.2,327765.5051294917,4689675.172767591,19,T,3.4,"$GPGGA,155410.000,4220.4167,N,07105.4490,W,1,04,3.4,-9.2,M,-33.8,M,,0000*40"
90,1706630051.0,GPS1_Frame,42.34027833333333,-71.09081666666667,-9.2,327765.5051294917,4689675.172767591,19,T,3.4,"$GPGGA,155411.000,4220.4167,N,07105.4490,W,1,04,3.4,-9.2,M,-33.8,M,,0000*41"
91,1706630052.0,GPS1_Frame,42.34027833333333,-71.09081666666667,-9.2,327765.5051294917,4689675.172767591,19,T,3.4,"$GPGGA,155412.000,4220.4167,N,07105.4490,W,1,04,3.4,-9.2,M,-33.8,M,,0000*42"
92,1706630053.0,GPS1_Frame,42.34027833333333,-71.09081833333333,-9.1,327765.3678293086,4689675.176143705,19,T,3.4,"$GPGGA,155413.000,4220.4167,N,07105.4491,W,1,04,3.4,-9.1,M,-33.8,M,,0000*41"
93,1706630054.0,GPS1_Frame,42.34027833333333,-71.09081833333333,-9.1,327765.3678293086,4689675.176143705,19,T,3.4,"$GPGGA,155414.000,4220.4167,N,07105.4491,W,1,04,3.4,-9.1,M,-33.8,M,,0000*46"
94,1706630055.0,GPS1_Frame,42.34028,-71.09081833333333,-9.1,327765.3723800679,4689675.361214444,19,T,3.4,"$GPGGA,155415.000,4220.4168,N,07105.4491,W,1,04,3.4,-9.1,M,-33.8,M,,0000*48"
95,1706630056.0,GPS1_Frame,42.34028,-71.09081833333333,-9.0,327765.3723800679,4689675.361214444,19,T,3.4,"$GPGGA,155416.000,4220.4168,N,07105.4491,W,1,04,3.4,-9.0,M,-33.8,M,,0000*4A"
96,1706630057.0,GPS1_Frame,42.34028,-71.09081833333333,-9.0,327765.3723800679,4689675.361214444,19,T,3.4,"$GPGGA,155417.000,4220.4168,N,07105.4491,W,1,04,3.4,-9.0,M,-33.8,M,,0000*4B"
97,1706630058.0,GPS1_Frame,42.34028,-71.09081833333333,-8.9,327765.3723800679,4689675.361214444,19,T,3.4,"$GPGGA,155418.000,4220.4168,N,07105.4491,W,1,04,3.4,-8.9,M,-33.8,M,,0000*4C"
98,1706630059.0,GPS1_Frame,42.34028,-71.09081833333333,-8.9,327765.3723800679,4689675.361214444,19,T,3.4,"$GPGGA,155419.000,4220.4168,N,07105.4491,W,1,04,3.4,-8.9,M,-33.8,M,,0000*4D"
99,1706630060.0,GPS1_Frame,42.34028,-71.09081833333333,-8.9,327765.3723800679,4689675.361214444,19,T,3.4,"$GPGGA,155420.000,4220.4168,N,07105.4491,W,1,04,3.4,-8.9,M,-33.8,M,,0000*47"
100,1706630061.0,GPS1_Frame,42.34028,-71.09081833333333,-8.8,327765.3723800679,4689675.361214444,19,T,3.4,"$GPGGA,155421.000,4220.4168,N,07105.4491,W,1,04,3.4,-8.8,M,-33.8,M,,0000*47"
101,1706630062.0,GPS1_Frame,42.34028,-71.09081833333333,-8.8,327765.3723800679,4689675.361214444,19,T,3.4,"$GPGGA,155422.000,4220.4168,N,07105.4491,W,1,04,3.4,-8.8,M,-33.8,M,,0000*44"
102,1706630063.0,GPS1_Frame,42.34028166666667,-71.09081833333333,-8.8,327765.3769308273,4689675.546285183,19,T,3.4,"$GPGGA,155423.000,4220.4169,N,07105.4491,W,1,04,3.4,-8.8,M,-33.8,M,,0000*44"
103,1706630064.0,GPS1_Frame,42.34028166666667,-71.09081833333333,-8.7,327765.3769308273,4689675.546285183,19,T,3.4,"$GPGGA,155424.000,4220.4169,N,07105.4491,W,1,04,3.4,-8.7,M,-33.8,M,,0000*4C"
104,1706630065.0,GPS1_Frame,42.34028166666667,-71.09081833333333,-8.7,327765.3769308273,4689675.546285183,19,T,3.4,"$GPGGA,155425.000,4220.4169,N,07105.4491,W,1,04,3.4,-8.7,M,-33.8,M,,0000*4D"
105,1706630066.0,GPS1_Frame,42.34028166666667,-71.09081833333333,-8.7,327765.3769308273,4689675.546285183,19,T,3.4,"$GPGGA,155426.000,4220.4169,N,07105.4491,W,1,04,3.4,-8.7,M,-33.8,M,,0000*4E"
106,1706630067.0,GPS1_Frame,42.34028166666667,-71.09081833333333,-8.6,327765.3769308273,4689675.546285183,19,T,3.4,"$GPGGA,155427.000,4220.4169,N,07105.4491,W,1,04,3.4,-8.6,M,-33.8,M,,0000*4E"
107,1706630068.0,GPS1_Frame,42.34028166666667,-71.09081833333333,-8.6,327765.3769308273,4689675.546285183,19,T,3.4,"$GPGGA,155428.000,4220.4169,N,07105.4491,W,1,04,3.4,-8.6,M,-33.8,M,,0000*41"
108,1706630069.0,GPS1_Frame,42.34028166666667,-71.09081833333333,-8.5,327765.3769308273,4689675.546285183,19,T,3.4,"$GPGGA,155429.000,4220.4169,N,07105.4491,W,1,04,3.4,-8.5,M,-33.8,M,,0000*43"
109,1706630070.0,GPS1_Frame,42.34028166666667,-71.09081833333333,-8.5,327765.3769308273,4689675.546285183,19,T,3.4,"$GPGGA,155430.000,4220.4169,N,07105.4491,W,1,04,3.4,-8.5,M,-33.8,M,,0000*4B"
110,1706630071.0,GPS1_Frame,42.34028333333333,-71.09081833333333,-8.5,327765.38148158684,4689675.731355921,19,T,3.4,"$GPGGA,155431.000,4220.4170,N,07105.4491,W,1,04,3.4,-8.5,M,-33.8,M,,0000*42"
111,1706630072.0,GPS1_Frame,42.34028333333333,-71.09081833333333,-8.4,327765.38148158684,4689675.731355921,19,T,3.4,"$GPGGA,155432.000,4220.4170,N,07105.4491,W,1,04,3.4,-8.4,M,-33.8,M,,0000*40"
112,1706630073.0,GPS1_Frame,42.34028333333333,-71.09081833333333,-8.4,327765.38148158684,4689675.731355921,19,T,3.4,"$GPGGA,155433.000,4220.4170,N,07105.4491,W,1,04,3.4,-8.4,M,-33.8,M,,0000*41"
113,1706630074.0,GPS1_Frame,42.34028333333333,-71.09081833333333,-8.4,327765.38148158684,4689675.731355921,19,T,3.4,"$GPGGA,155434.000,4220.4170,N,07105.4491,W,1,04,3.4,-8.4,M,-33.8,M,,0000*46"
114,1706630075.0,GPS1_Frame,42.34028333333333,-71.09081833333333,-8.3,327765.38148158684,4689675.731355921,19,T,3.4,"$GPGGA,155435.000,4220.4170,N,07105.4491,W,1,04,3.4,-8.3,M,-33.8,M,,0000*40"
115,1706630076.0,GPS1_Frame,42.34028333333333,-71.09081833333333,-8.3,327765.38148158684,4689675.731355921,19,T,3.4,"$GPGGA,155436.000,4220.4170,N,07105.4491,W,1,04,3.4,-8.3,M,-33.8,M,,0000*43"
116,1706630077.0,GPS1_Frame,42.34028333333333,-71.09081833333333,-8.2,327765.38148158684,4689675.731355921,19,T,3.4,"$GPGGA,155437.000,4220.4170,N,07105.4491,W,1,04,3.4,-8.2,M,-33.8,M,,0000*43"
117,1706630078.0,GPS1_Frame,42.340285,-71.09081833333333,-8.2,327765.3860323465,4689675.91642666,19,T,3.4,"$GPGGA,155438.000,4220.4171,N,07105.4491,W,1,04,3.4,-8.2,M,-33.8,M,,0000*4D"
118,1706630079.0,GPS1_Frame,42.340285,-71.09081833333333,-8.2,327765.3860323465,4689675.91642666,19,T,3.4,"$GPGGA,155439.000,4220.4171,N,07105.4491,W,1,04,3.4,-8.2,M,-33.8,M,,0000*4C"
119,1706630080.0,GPS1_Frame,42.340285,-71.09081833333333,-8.1,327765.3860323465,4689675.91642666,19,T,3.4,"$GPGGA,155440.000,4220.4171,N,07105.4491,W,1,04,3.4,-8.1,M,-33.8,M,,0000*41"
120,1706630081.0,GPS1_Frame,42.340285,-71.09081833333333,-8.1,327765.3860323465,4689675.91642666,19,T,3.4,"$GPGGA,155441.000,4220.4171,N,07105.4491,W,1,04,3.4,-8.1,M,-33.8,M,,0000*40"
121,1706630082.0,GPS1_Frame,42.340285,-71.09081833333333,-8.1,327765.3860323465,4689675.91642666,19,T,3.4,"$GPGGA,155442.000,4220.4171,N,07105.4491,W,1,04,3.4,-8.1,M,-33.8,M,,0000*43"
122,1706630083.0,GPS1_Frame,42.340285,-71.09081833333333,-8.0,327765.3860323465,4689675.91642666,19,T,3.4,"$GPGGA,155443.000,4220.4171,N,07105.4491,W,1,04,3.4,-8.0,M,-33.8,M,,0000*43"
123,1706630084.0,GPS1_Frame,42.340285,-71.09081833333333,-8.0,327765.3860323465,4689675.91642666,19,T,3.4,"$GPGGA,155444.000,4220.4171,N,07105.4491,W,1,04,3.4,-8.0,M,-33.8,M,,0000*44"
124,1706630085.0,GPS1_Frame,42.340285,-71.09081833333333,-8.0,327765.3860323465,4689675.91642666,19,T,3.4,"$GPGGA,155445.000,4220.4171,N,07105.4491,W,1,04,3.4,-8.0,M,-33.8,M,,0000*45"
125,1706630086.0,GPS1_Frame,42.340286666666664,-71.09081833333333,-7.9,327765.3905831064,4689676.101497398,19,T,3.4,"$GPGGA,155446.000,4220.4172,N,07105.4491,W,1,04,3.4,-7.9,M,-33.8,M,,0000*43"
126,1706630087.0,GPS1_Frame,42.340286666666664,-71.09081833333333,-7.9,327765.3905831064,4689676.101497398,19,T,3.4,"$GPGGA,155447.000,4220.4172,N,07105.4491,W,1,04,3.4,-7.9,M,-33.8,M,,0000*42"
127,1706630088.0,GPS1_Frame,42.340286666666664,-71.09081833333333,-7.9,327765.3905831064,4689676.101497398,19,T,3.4,"$GPGGA,155448.000,4220.4172,N,07105.4491,W,1,04,3.4,-7.9,M,-33.8,M,,0000*4D"
128,1706630089.0,GPS1_Frame,42.340286666666664,-71.09081833333333,-7.8,327765.3905831064,4689676.101497398,19,T,3.4,"$GPGGA,155449.000,4220.4172,N,07105.4491,W,1,04,3.4,-7.8,M,-33.8,M,,0000*4D"
129,1706630090.0,GPS1_Frame,42.340286666666664,-71.09081833333333,-7.8,327765.3905831064,4689676.101497398,19,T,3.4,"$GPGGA,155450.000,4220.4172,N,07105.4491,W,1,04,3.4,-7.8,M,-33.8,M,,0000*45"
130,1706630091.0,GPS1_Frame,42.340286666666664,-71.09081833333333,-7.8,327765.3905831064,4689676.101497398,19,T,3.4,"$GPGGA,155451.000,4220.4172,N,07105.4491,W,1,04,3.4,-7.8,M,-33.8,M,,0000*44"
131,1706630092.0,GPS1_Frame,42.340286666666664,-71.09081833333333,-7.7,327765.3905831064,4689676.101497398,19,T,3.4,"$GPGGA,155452.000,4220.4172,N,07105.4491,W,1,04,3.4,-7.7,M,-33.8,M,,0000*48"
132,1706630093.0,GPS1_Frame,42.34028833333333,-71.09081833333333,-7.7,327765.39513386635,4689676.286568137,19,T,3.4,"$GPGGA,155453.000,4220.4173,N,07105.4491,W,1,04,3.4,-7.7,M,-33.8,M,,0000*48"
133,1706630094.0,GPS1_Frame,42.34028833333333,-71.09081833333333,-7.6,327765.39513386635,4689676.286568137,19,T,3.4,"$GPGGA,155454.000,4220.4173,N,07105.4491,W,1,04,3.4,-7.6,M,-33.8,M,,0000*4E"
134,1706630095.0,GPS1_Frame,42.34028833333333,-71.09081833333333,-7.6,327765.39513386635,4689676.286568137,19,T,3.4,"$GPGGA,155455.000,4220.4173,N,07105.4491,W,1,04,3.4,-7.6,M,-33.8,M,,0000*4F"
135,1706630096.0,GPS1_Frame,42.34028833333333,-71.09082,-7.6,327765.25783370296,4689676.289944254,19,T,3.4,"$GPGGA,155456.000,4220.4173,N,07105.4492,W,1,04,3.4,-7.6,M,-33.8,M,,0000*4F"
136,1706630097.0,GPS1_Frame,42.34028833333333,-71.09082,-7.5,327765.25783370296,4689676.289944254,19,T,3.4,"$GPGGA,155457.000,4220.4173,N,07105.4492,W,1,04,3.4,-7.5,M,-33.8,M,,0000*4D"
137,1706630098.0,GPS1_Frame,42.34028833333333,-71.09082,-7.5,327765.25783370296,4689676.289944254,19,T,3.4,"$GPGGA,155458.000,4220.4173,N,07105.4492,W,1,04,3.4,-7.5,M,-33.8,M,,0000*42"
138,1706630099.0,GPS1_Frame,42.34028833333333,-71.09082,-7.5,327765.25783370296,4689676.289944254,19,T,3.4,"$GPGGA,155459.000,4220.4173,N,07105.4492,W,1,04,3.4,-7.5,M,-33.8,M,,0000*43"
139,1706630100.0,GPS1_Frame,42.34029,-71.09082,-7.4,327765.26238446677,4689676.475014994,19,T,3.4,"$GPGGA,155500.000,4220.4174,N,07105.4492,W,1,04,3.4,-7.4,M,-33.8,M,,0000*48"
140,1706630101.0,GPS1_Frame,42.34029,-71.09082,-7.4,327765.26238446677,4689676.475014994,19,T,3.4,"$GPGGA,155501.000,4220.4174,N,07105.4492,W,1,04,3.4,-7.4,M,-33.8,M,,0000*49"
141,1706630102.0,GPS1_Frame,42.34029,-71.09082,-7.4,327765.26238446677,4689676.475014994,19,T,3.4,"$GPGGA,155502.000,4220.4174,N,07105.4492,W,1,04,3.4,-7.4,M,-33.8,M,,0000*4A"
142,1706630103.0,GPS1_Frame,42.34029,-71.09082,-7.3,327765.26238446677,4689676.475014994,19,T,3.4,"$GPGGA,155503.000,4220.4174,N,07105.4492,W,1,04,3.4,-7.3,M,-33.8,M,,0000*4C"
143,1706630104.0,GPS1_Frame,42.34029,-71.09082,-7.3,327765.26238446677,4689676.475014994,19,T,3.4,"$GPGGA,155504.000,4220.4174,N,07105.4492,W,1,04,3.4,-7.3,M,-33.8,M,,0000*4B"
144,1706630105.0,GPS1_Frame,42.34029,-71.09082,-7.2,327765.26238446677,4689676.475014994,19,T,3.4,"$GPGGA,155505.000,4220.4174,N,07105.4492,W,1,04,3.4,-7.2,M,-33.8,M,,0000*4B"
145,1706630106.0,GPS1_Frame,42.34029,-71.09082,-7.2,327765.26238446677,4689676.475014994,19,T,3.4,"$GPGGA,155506.000,4220.4174,N,07105.4492,W,1,04,3.4,-7.2,M,-33.8,M,,0000*48"
146,1706630107.0,GPS1_Frame,42.34029,-71.09082,-7.2,327765.26238446677,4689676.475014994,19,T,3.4,"$GPGGA,155507.000,4220.4174,N,07105.4492,W,1,04,3.4,-7.2,M,-33.8,M,,0000*49"
147,1706630108.0,GPS1_Frame,42.340291666666666,-71.09082,-7.2,327765.2669352307,4689676.66008573,19,T,3.4,"$GPGGA,155508.000,4220.4175,N,07105.4492,W,1,04,3.4,-7.2,M,-33.8,M,,0000*47"
148,1706630109.0,GPS1_Frame,42.340291666666666,-71.09082,-7.1,327765.2669352307,4689676.66008573,19,T,3.4,"$GPGGA,155509.000,4220.4175,N,07105.4492,W,1,04,3.4,-7.1,M,-33.8,M,,0000*45"
149,1706630110.0,GPS1_Frame,42.340291666666666,-71.09082,-7.1,327765.2669352307,4689676.66008573,19,T,3.4,"$GPGGA,155510.000,4220.4175,N,07105.4492,W,1,04,3.4,-7.1,M,-33.8,M,,0000*4D"
150,1706630111.0,GPS1_Frame,42.340291666666666,-71.09082,-7.1,327765.2669352307,4689676.66008573,19,T,3.4,"$GPGGA,155511.000,4220.4175,N,07105.4492,W,1,04,3.4,-7.1,M,-33.8,M,,0000*4C"
151,1706630112.0,GPS1_Frame,42.340291666666666,-71.09082,-7.0,327765.2669352307,4689676.66008573,19,T,3.4,"$GPGGA,155512.000,4220.4175,N,07105.4492,W,1,04,3.4,-7.0,M,-33.8,M,,0000*4E"
152,1706630113.0,GPS1_Frame,42.340291666666666,-71.09082,-7.0,327765.2669352307,4689676.66008573,19,T,3.4,"$GPGGA,155513.000,4220.4175,N,07105.4492,W,1,04,3.4,-7.0,M,-33.8,M,,0000*4F"
153,1706630114.0,GPS1_Frame,42.340291666666666,-71.09082,-7.0,327765.2669352307,4689676.66008573,19,T,3.4,"$GPGGA,155514.000,4220.4175,N,07105.4492,W,1,04,3.4,-7.0,M,-33.8,M,,0000*48"
154,1706630115.0,GPS1_Frame,42.340291666666666,-71.09082,-7.0,327765.2669352307,4689676.66008573,19,T,3.4,"$GPGGA,155515.000,4220.4175,N,07105.4492,W,1,04,3.4,-7.0,M,-33.8,M,,0000*49"
155,1706630116.0,GPS1_Frame,42.340293333333335,-71.09082,-6.9,327765.27148599474,4689676.84515647,19,T,3.4,"$GPGGA,155516.000,4220.4176,N,07105.4492,W,1,04,3.4,-6.9,M,-33.8,M,,0000*41"
156,1706630117.0,GPS1_Frame,42.340293333333335,-71.09082,-6.9,327765.27148599474,4689676.84515647,19,T,3.4,"$GPGGA,155517.000,4220.4176,N,07105.4492,W,1,04,3.4,-6.9,M,-33.8,M,,0000*40"
157,1706630118.0,GPS1_Frame,42.340293333333335,-71.09082,-6.9,327765.27148599474,4689676.84515647,19,T,3.4,"$GPGGA,155518.000,4220.4176,N,07105.4492,W,1,04,3.4,-6.9,M,-33.8,M,,0000*4F"
158,1706630119.0,GPS1_Frame,42.340293333333335,-71.09082,-6.8,327765.27148599474,4689676.84515647,19,T,3.4,"$GPGGA,155519.000,4220.4176,N,07105.4492,W,1,04,3.4,-6.8,M,-33.8,M,,0000*4F"
159,1706630120.0,GPS1_Frame,42.340293333333335,-71.09082,-6.8,327765.27148599474,4689676.84515647,19,T,3.4,"$GPGGA,155520.000,4220.4176,N,07105.4492,W,1,04,3.4,-6.8,M,-33.8,M,,0000*45"
160,1706630121.0,GPS1_Frame,42.340293333333335,-71.09082,-6.8,327765.27148599474,4689676.84515647,19,T,3.4,"$GPGGA,155521.000,4220.4176,N,07105.4492,W,1,04,3.4,-6.8,M,-33.8,M,,0000*44"
161,1706630122.0,GPS1_Frame,42.340293333333335,-71.09082,-6.7,327765.27148599474,4689676.84515647,19,T,3.4,"$GPGGA,155522.000,4220.4176,N,07105.4492,W,1,04,3.4,-6.7,M,-33.8,M,,0000*48"
162,1706630123.0,GPS1_Frame,42.340293333333335,-71.09082,-6.7,327765.27148599474,4689676.84515647,19,T,3.4,"$GPGGA,155523.000,4220.4176,N,07105.4492,W,1,04,3.4,-6.7,M,-33.8,M,,0000*49"
163,1706630124.0,GPS1_Frame,42.340295,-71.09082,-6.6,327765.2760367589,4689677.0302272085,19,T,3.4,"$GPGGA,155524.000,4220.4177,N,07105.4492,W,1,04,3.4,-6.6,M,-33.8,M,,0000*4E"
164,1706630125.0,GPS1_Frame,42.340295,-71.09082,-6.6,327765.2760367589,4689677.0302272085,19,T,3.4,"$GPGGA,155525.000,4220.4177,N,07105.4492,W,1,04,3.4,-6.6,M,-33.8,M,,0000*4F"
165,1706630126.0,GPS1_Frame,42.340295,-71.09082166666667,-6.6,327765.13873661007,4689677.033603328,19,T,3.4,"$GPGGA,155526.000,4220.4177,N,07105.4493,W,1,04,3.4,-6.6,M,-33.8,M,,0000*4D"
166,1706630127.0,GPS1_Frame,42.340295,-71.09082166666667,-6.5,327765.13873661007,4689677.033603328,19,T,3.4,"$GPGGA,155527.000,4220.4177,N,07105.4493,W,1,04,3.4,-6.5,M,-33.8,M,,0000*4F"
167,1706630128.0,GPS1_Frame,42.340295,-71.09082166666667,-6.5,327765.13873661007,4689677.033603328,19,T,3.4,"$GPGGA,155528.000,4220.4177,N,07105.4493,W,1,04,3.4,-6.5,M,-33.8,M,,0000*40"
168,1706630129.0,GPS1_Frame,42.340295,-71.09082166666667,-6.4,327765.13873661007,4689677.033603328,19,T,3.4,"$GPGGA,155529.000,4220.4177,N,07105.4493,W,1,04,3.4,-6.4,M,-33.8,M,,0000*40"
169,1706630130.0,GPS1_Frame,42.34029666666667,-71.09082166666667,-6.4,327765.143287378,4689677.218674068,19,T,3.4,"$GPGGA,155530.000,4220.4178,N,07105.4493,W,1,04,3.4,-6.4,M,-33.8,M,,0000*47"
170,1706630131.0,GPS1_Frame,42.34029666666667,-71.09082166666667,-6.4,327765.143287378,4689677.218674068,19,T,3.4,"$GPGGA,155531.000,4220.4178,N,07105.4493,W,1,04,3.4,-6.4,M,-33.8,M,,0000*46"
171,1706630132.0,GPS1_Frame,42.34029666666667,-71.09082166666667,-6.3,327765.143287378,4689677.218674068,19,T,3.4,"$GPGGA,155532.000,4220.4178,N,07105.4493,W,1,04,3.4,-6.3,M,-33.8,M,,0000*42"
172,1706630133.0,GPS1_Frame,42.34029666666667,-71.09082166666667,-6.3,327765.143287378,4689677.218674068,19,T,3.4,"$GPGGA,155533.000,4220.4178,N,07105.4493,W,1,04,3.4,-6.3,M,-33.8,M,,0000*43"
173,1706630134.0,GPS1_Frame,42.34029666666667,-71.09082166666667,-6.2,327765.143287378,4689677.218674068,19,T,3.4,"$GPGGA,155534.000,4220.4178,N,07105.4493,W,1,04,3.4,-6.2,M,-33.8,M,,0000*45"
174,1706630135.0,GPS1_Frame,42.34029666666667,-71.09082166666667,-6.2,327765.143287378,4689677.218674068,19,T,3.4,"$GPGGA,155535.000,4220.4178,N,07105.4493,W,1,04,3.4,-6.2,M,-33.8,M,,0000*44"
175,1706630136.0,GPS1_Frame,42.34029833333334,-71.09082166666667,-6.2,327765.1478381462,4689677.4037448075,19,T,3.4,"$GPGGA,155536.000,4220.4179,N,07105.4493,W,1,04,3.4,-6.2,M,-33.8,M,,0000*46"
176,1706630137.0,GPS1_Frame,42.34029833333334,-71.09082166666667,-6.1,327765.1478381462,4689677.4037448075,19,T,3.4,"$GPGGA,155537.000,4220.4179,N,07105.4493,W,1,04,3.4,-6.1,M,-33.8,M,,0000*44"
177,1706630138.0,GPS1_Frame,42.34029833333334,-71.09082166666667,-6.1,327765.1478381462,4689677.4037448075,19,T,3.4,"$GPGGA,155538.000,4220.4179,N,07105.4493,W,1,04,3.4,-6.1,M,-33.8,M,,0000*4B"
178,1706630139.0,GPS1_Frame,42.34029833333334,-71.09082166666667,-6.0,327765.1478381462,4689677.4037448075,19,T,3.4,"$GPGGA,155539.000,4220.4179,N,07105.4493,W,1,04,3.4,-6.0,M,-33.8,M,,0000*4B"
179,1706630140.0,GPS1_Frame,42.34029833333334,-71.09082166666667,-6.0,327765.1478381462,4689677.4037448075,19,T,3.4,"$GPGGA,155540.000,4220.4179,N,07105.4493,W,1,04,3.4,-6.0,M,-33.8,M,,0000*45"
180,1706630141.0,GPS1_Frame,42.3403,-71.09082166666667,-5.9,327765.1523889145,4689677.588815547,19,T,3.4,"$GPGGA,155541.000,4220.4180,N,07105.4493,W,1,04,3.4,-5.9,M,-33.8,M,,0000*48"
181,1706630142.0,GPS1_Frame,42.3403,-71.09082166666667,-5.9,327765.1523889145,4689677.588815547,19,T,3.4,"$GPGGA,155542.000,4220.4180,N,07105.4493,W,1,04,3.4,-5.9,M,-33.8,M,,0000*4B"
182,1706630143.0,GPS1_Frame,42.3403,-71.09082166666667,-5.8,327765.1523889145,4689677.588815547,19,T,3.4,"$GPGGA,155543.000,4220.4180,N,07105.4493,W,1,04,3.4,-5.8,M,-33.8,M,,0000*4B"
183,1706630144.0,GPS1_Frame,42.3403,-71.09082333333333,-5.8,327765.0150887807,4689677.592191669,19,T,3.4,"$GPGGA,155544.000,4220.4180,N,07105.4494,W,1,04,3.4,-5.8,M,-33.8,M,,0000*4B"
184,1706630145.0,GPS1_Frame,42.3403,-71.09082333333333,-5.7,327765.0150887807,4689677.592191669,19,T,3.4,"$GPGGA,155545.000,4220.4180,N,07105.4494,W,1,04,3.4,-5.7,M,-33.8,M,,0000*45"
185,1706630146.0,GPS1_Frame,42.34030166666667,-71.09082333333333,-5.7,327765.01963955275,4689677.777262408,19,T,3.4,"$GPGGA,155546.000,4220.4181,N,07105.4494,W,1,04,3.4,-5.7,M,-33.8,M,,0000*47"
186,1706630147.0,GPS1_Frame,42.34030166666667,-71.09082333333333,-5.6,327765.01963955275,4689677.777262408,19,T,3.4,"$GPGGA,155547.000,4220.4181,N,07105.4494,W,1,04,3.4,-5.6,M,-33.8,M,,0000*47"
187,1706630148.0,GPS1_Frame,42.34030166666667,-71.09082333333333,-5.6,327765.01963955275,4689677.777262408,19,T,3.4,"$GPGGA,155548.000,4220.4181,N,07105.4494,W,1,04,3.4,-5.6,M,-33.8,M,,0000*48"
188,1706630149.0,GPS1_Frame,42.34030166666667,-71.09082333333333,-5.5,327765.01963955275,4689677.777262408,19,T,3.4,"$GPGGA,155549.000,4220.4181,N,07105.4494,W,1,04,3.4,-5.5,M,-33.8,M,,0000*4A"
189,1706630150.0,GPS1_Frame,42.34030166666667,-71.09082333333333,-5.5,327765.01963955275,4689677.777262408,19,T,3.4,"$GPGGA,155550.000,4220.4181,N,07105.4494,W,1,04,3.4,-5.5,M,-33.8,M,,0000*42"
190,1706630151.0,GPS1_Frame,42.34030333333333,-71.09082333333333,-5.4,327765.02419032494,4689677.962333147,19,T,3.4,"$GPGGA,155551.000,4220.4182,N,07105.4494,W,1,04,3.4,-5.4,M,-33.8,M,,0000*41"
191,1706630152.0,GPS1_Frame,42.34030333333333,-71.09082333333333,-5.4,327765.02419032494,4689677.962333147,19,T,3.4,"$GPGGA,155552.000,4220.4182,N,07105.4494,W,1,04,3.4,-5.4,M,-33.8,M,,0000*42"
192,1706630153.0,GPS1_Frame,42.34030333333333,-71.09082333333333,-5.3,327765.02419032494,4689677.962333147,19,T,3.4,"$GPGGA,155553.000,4220.4182,N,07105.4494,W,1,04,3.4,-5.3,M,-33.8,M,,0000*44"
193,1706630154.0,GPS1_Frame,42.34030333333333,-71.09082333333333,-5.3,327765.02419032494,4689677.962333147,19,T,3.4,"$GPGGA,155554.000,4220.4182,N,07105.4494,W,1,04,3.4,-5.3,M,-33.8,M,,0000*43"
194,1706630155.0,GPS1_Frame,42.34030333333333,-71.09082333333333,-5.2,327765.02419032494,4689677.962333147,19,T,3.4,"$GPGGA,155555.000,4220.4182,N,07105.4494,W,1,04,3.4,-5.2,M,-33.8,M,,0000*43"
195,1706630156.0,GPS1_Frame,42.34030333333333,-71.09082333333333,-5.2,327765.02419032494,4689677.962333147,19,T,3.4,"$GPGGA,155556.000,4220.4182,N,07105.4494,W,1,04,3.4,-5.2,M,-33.8,M,,0000*40"
196,1706630157.0,GPS1_Frame,42.340305,-71.09082333333333,-5.2,327765.0287410973,4689678.147403887,19,T,3.4,"$GPGGA,155557.000,4220.4183,N,07105.4494,W,1,04,3.4,-5.2,M,-33.8,M,,0000*40"
197,1706630158.0,GPS1_Frame,42.340305,-71.090825,-5.1,327764.8914409702,4689678.150780011,19,T,3.4,"$GPGGA,155558.000,4220.4183,N,07105.4495,W,1,04,3.4,-5.1,M,-33.8,M,,0000*4D"
198,1706630159.0,GPS1_Frame,42.340305,-71.090825,-5.1,327764.8914409702,4689678.150780011,19,T,3.4,"$GPGGA,155559.000,4220.4183,N,07105.4495,W,1,04,3.4,-5.1,M,-33.8,M,,0000*4C"
199,1706630160.0,GPS1_Frame,42.340305,-71.090825,-5.0,327764.8914409702,4689678.150780011,19,T,3.4,"$GPGGA,155600.000,4220.4183,N,07105.4495,W,1,04,3.4,-5.0,M,-33.8,M,,0000*42"
200,1706630161.0,GPS1_Frame,42.340305,-71.090825,-5.0,327764.8914409702,4689678.150780011,19,T,3.4,"$GPGGA,155601.000,4220.4183,N,07105.4495,W,1,04,3.4,-5.0,M,-33.8,M,,0000*43"
201,1706630162.0,GPS1_Frame,42.34030666666666,-71.090825,-4.9,327764.8959917463,4689678.33585075,19,T,3.4,"$GPGGA,155602.000,4220.4184,N,07105.4495,W,1,04,3.4,-4.9,M,-33.8,M,,0000*4F"
202,1706630163.0,GPS1_Frame,42.34030666666666,-71.090825,-4.9,327764.8959917463,4689678.33585075,19,T,3.4,"$GPGGA,155603.000,4220.4184,N,07105.4495,W,1,04,3.4,-4.9,M,-33.8,M,,0000*4E"
203,1706630164.0,GPS1_Frame,42.34030666666666,-71.090825,-4.8,327764.8959917463,4689678.33585075,19,T,3.4,"$GPGGA,155604.000,4220.4184,N,07105.4495,W,1,04,3.4,-4.8,M,-33.8,M,,0000*48"
204,1706630165.0,GPS1_Frame,42.34030666666666,-71.090825,-4.8,327764.8959917463,4689678.33585075,19,T,3.4,"$GPGGA,155605.000,4220.4184,N,07105.4495,W,1,04,3.4,-4.8,M,-33.8,M,,0000*49"
205,1706630166.0,GPS1_Frame,42.340315,-71.09082666666667,-4.0,327764.7814455238,4689679.264580577,19,T,3.4,"$GPGGA,155606.000,4220.4189,N,07105.4496,W,1,04,3.4,-4.0,M,-33.8,M,,0000*4C"
206,1706630167.0,GPS1_Frame,42.34032166666667,-71.09082833333333,-3.3,327764.6623485585,4689680.008239666,19,T,3.4,"$GPGGA,155607.000,4220.4193,N,07105.4497,W,1,04,3.4,-3.3,M,-33.8,M,,0000*43"
207,1706630168.0,GPS1_Frame,42.34032166666667,-71.09082833333333,-3.3,327764.6623485585,4689680.008239666,19,T,3.4,"$GPGGA,155608.000,4220.4193,N,07105.4497,W,1,04,3.4,-3.3,M,-33.8,M,,0000*4C"
208,1706630169.0,GPS1_Frame,42.34032666666667,-71.09082833333333,-2.8,327764.6760009135,4689680.563451886,19,T,3.4,"$GPGGA,155609.000,4220.4196,N,07105.4497,W,1,04,3.4,-2.8,M,-33.8,M,,0000*42"
209,1706630170.0,GPS1_Frame,42.34032833333333,-71.09082833333333,-2.8,327764.6805516988,4689680.748522624,19,T,3.4,"$GPGGA,155610.000,4220.4197,N,07105.4497,W,1,04,3.4,-2.8,M,-33.8,M,,0000*4B"
210,1706630171.0,GPS1_Frame,42.34032833333333,-71.09083,-2.7,327764.54325162456,4689680.751898757,19,T,3.4,"$GPGGA,155611.000,4220.4197,N,07105.4498,W,1,04,3.4,-2.7,M,-33.8,M,,0000*4A"
211,1706630172.0,GPS1_Frame,42.340331666666664,-71.09083,-2.3,327764.55235320283,4689681.122040237,19,T,3.4,"$GPGGA,155612.000,4220.4199,N,07105.4498,W,1,04,3.4,-2.3,M,-33.8,M,,0000*43"
212,1706630173.0,GPS1_Frame,42.340336666666666,-71.09083,-1.8,327764.5660055714,4689681.677252459,19,T,3.4,"$GPGGA,155613.000,4220.4202,N,07105.4498,W,1,04,3.4,-1.8,M,-33.8,M,,0000*4B"
213,1706630174.0,GPS1_Frame,42.340338333333335,-71.09083166666667,-1.4,327764.4332563067,4689681.865699336,19,T,3.4,"$GPGGA,155614.000,4220.4203,N,07105.4499,W,1,04,3.4,-1.4,M,-33.8,M,,0000*40"
214,1706630175.0,GPS1_Frame,42.34034,-71.09083166666667,-1.4,327764.43780710024,4689682.050770076,19,T,3.4,"$GPGGA,155615.000,4220.4204,N,07105.4499,W,1,04,3.4,-1.4,M,-33.8,M,,0000*46"
215,1706630176.0,GPS1_Frame,42.34034,-71.09083166666667,-1.4,327764.43780710024,4689682.050770076,19,T,3.4,"$GPGGA,155616.000,4220.4204,N,07105.4499,W,1,04,3.4,-1.4,M,-33.8,M,,0000*45"
216,1706630177.0,GPS1_Frame,42.34034,-71.09083166666667,-1.4,327764.43780710024,4689682.050770076,19,T,3.4,"$GPGGA,155617.000,4220.4204,N,07105.4499,W,1,04,3.4,-1.4,M,-33.8,M,,0000*44"
217,1706630178.0,GPS1_Frame,42.34034166666667,-71.09083166666667,-1.1,327764.44235789403,4689682.235840818,19,T,3.4,"$GPGGA,155618.000,4220.4205,N,07105.4499,W,1,04,3.4,-1.1,M,-33.8,M,,0000*4F"
218,1706630179.0,GPS1_Frame,42.34034333333334,-71.09082833333333,-1.0,327764.72150877304,4689682.414159289,19,T,3.4,"$GPGGA,155619.000,4220.4206,N,07105.4497,W,1,04,3.4,-1.0,M,-33.8,M,,0000*42"
219,1706630180.0,GPS1_Frame,42.340345,-71.09082666666667,-0.9,327764.8633595976,4689682.595853899,19,T,3.4,"$GPGGA,155620.000,4220.4207,N,07105.4496,W,1,04,3.4,-0.9,M,-33.8,M,,0000*40"
220,1706630181.0,GPS1_Frame,42.34034666666667,-71.09082666666667,-0.9,327764.86791038094,4689682.780924639,19,T,3.4,"$GPGGA,155621.000,4220.4208,N,07105.4496,W,1,04,3.4,-0.9,M,-33.8,M,,0000*4E"
221,1706630182.0,GPS1_Frame,42.34034666666667,-71.09082666666667,-0.9,327764.86791038094,4689682.780924639,19,T,3.4,"$GPGGA,155622.000,4220.4208,N,07105.4496,W,1,04,3.4,-0.9,M,-33.8,M,,0000*4D"
222,1706630183.0,GPS1_Frame,42.34034666666667,-71.09082666666667,-0.8,327764.86791038094,4689682.780924639,19,T,3.4,"$GPGGA,155623.000,4220.4208,N,07105.4496,W,1,04,3.4,-0.8,M,-33.8,M,,0000*4D"
223,1706630184.0,GPS1_Frame,42.34034666666667,-71.09082666666667,-0.8,327764.86791038094,4689682.780924639,19,T,3.4,"$GPGGA,155624.000,4220.4208,N,07105.4496,W,1,04,3.4,-0.8,M,-33.8,M,,0000*4A"
224,1706630185.0,GPS1_Frame,42.34034666666667,-71.09082666666667,-0.8,327764.86791038094,4689682.780924639,19,T,3.4,"$GPGGA,155625.000,4220.4208,N,07105.4496,W,1,04,3.4,-0.8,M,-33.8,M,,0000*4B"
225,1706630186.0,GPS1_Frame,42.34034666666667,-71.09082666666667,-0.8,327764.86791038094,4689682.780924639,19,T,3.4,"$GPGGA,155626.000,4220.4208,N,07105.4496,W,1,04,3.4,-0.8,M,-33.8,M,,0000*48"
226,1706630187.0,GPS1_Frame,42.34034666666667,-71.09082666666667,-0.7,327764.86791038094,4689682.780924639,19,T,3.4,"$GPGGA,155627.000,4220.4208,N,07105.4496,W,1,04,3.4,-0.7,M,-33.8,M,,0000*46"
227,1706630188.0,GPS1_Frame,42.34034666666667,-71.09082666666667,-0.7,327764.86791038094,4689682.780924639,19,T,3.4,"$GPGGA,155628.000,4220.4208,N,07105.4496,W,1,04,3.4,-0.7,M,-33.8,M,,0000*49"
228,1706630189.0,GPS1_Frame,42.34034666666667,-71.09082666666667,-0.7,327764.86791038094,4689682.780924639,19,T,3.4,"$GPGGA,155629.000,4220.4208,N,07105.4496,W,1,04,3.4,-0.7,M,-33.8,M,,0000*48"
229,1706630190.0,GPS1_Frame,42.34034666666667,-71.09082666666667,-0.7,327764.86791038094,4689682.780924639,19,T,3.4,"$GPGGA,155630.000,4220.4208,N,07105.4496,W,1,04,3.4,-0.7,M,-33.8,M,,0000*40"
230,1706630191.0,GPS1_Frame,42.34034666666667,-71.09082666666667,-0.6,327764.86791038094,4689682.780924639,19,T,3.4,"$GPGGA,155631.000,4220.4208,N,07105.4496,W,1,04,3.4,-0.6,M,-33.8,M,,0000*40"
231,1706630192.0,GPS1_Frame,42.34034833333333,-71.09082666666667,-0.6,327764.87246116437,4689682.965995378,19,T,3.4,"$GPGGA,155632.000,4220.4209,N,07105.4496,W,1,04,3.4,-0.6,M,-33.8,M,,0000*42"
232,1706630193.0,GPS1_Frame,42.34034833333333,-71.09082666666667,-0.6,327764.87246116437,4689682.965995378,19,T,3.4,"$GPGGA,155633.000,4220.4209,N,07105.4496,W,1,04,3.4,-0.6,M,-33.8,M,,0000*43"
233,1706630194.0,GPS1_Frame,42.34034833333333,-71.09082666666667,-0.6,327764.87246116437,4689682.965995378,19,T,3.4,"$GPGGA,155634.000,4220.4209,N,07105.4496,W,1,04,3.4,-0.6,M,-33.8,M,,0000*44"
234,1706630195.0,GPS1_Frame,42.34034833333333,-71.09082666666667,-0.5,327764.87246116437,4689682.965995378,19,T,3.4,"$GPGGA,155635.000,4220.4209,N,07105.4496,W,1,04,3.4,-0.5,M,-33.8,M,,0000*46"
235,1706630196.0,GPS1_Frame,42.34034833333333,-71.090825,-0.6,327765.0097611971,4689682.962619251,19,T,3.4,"$GPGGA,155636.000,4220.4209,N,07105.4495,W,1,04,3.4,-0.6,M,-33.8,M,,0000*45"
236,1706630197.0,GPS1_Frame,42.34034666666667,-71.090825,-0.5,327765.0052104173,4689682.7775485115,19,T,3.4,"$GPGGA,155637.000,4220.4208,N,07105.4495,W,1,04,3.4,-0.5,M,-33.8,M,,0000*46"
237,1706630198.0,GPS1_Frame,42.34034666666667,-71.09082333333333,-0.5,327765.1425104536,4689682.774172385,19,T,3.3,"$GPGGA,155638.000,4220.4208,N,07105.4494,W,1,04,3.3,-0.5,M,-33.8,M,,0000*4F"
238,1706630199.0,GPS1_Frame,42.34034666666667,-71.09082333333333,-0.4,327765.1425104536,4689682.774172385,19,T,3.3,"$GPGGA,155639.000,4220.4208,N,07105.4494,W,1,04,3.3,-0.4,M,-33.8,M,,0000*4F"
239,1706630200.0,GPS1_Frame,42.34034666666667,-71.09082,-0.5,327765.41711052204,4689682.767420145,19,T,3.3,"$GPGGA,155640.000,4220.4208,N,07105.4492,W,1,04,3.3,-0.5,M,-33.8,M,,0000*46"
240,1706630201.0,GPS1_Frame,42.340345,-71.09081666666667,-0.7,327765.687159831,4689682.575597173,19,T,3.3,"$GPGGA,155641.000,4220.4207,N,07105.4490,W,1,04,3.3,-0.7,M,-33.8,M,,0000*48"
241,1706630202.0,GPS1_Frame,42.340345,-71.09081333333333,-0.8,327765.96175990865,4689682.568844952,19,T,3.3,"$GPGGA,155642.000,4220.4207,N,07105.4488,W,1,04,3.3,-0.8,M,-33.8,M,,0000*4D"
242,1706630203.0,GPS1_Frame,42.340345,-71.09081166666667,-0.7,327766.09905994637,4689682.565468846,19,T,3.3,"$GPGGA,155643.000,4220.4207,N,07105.4487,W,1,04,3.3,-0.7,M,-33.8,M,,0000*4C"
243,1706630204.0,GPS1_Frame,42.34034333333334,-71.09081166666667,-0.6,327766.094509196,4689682.380398106,19,T,3.3,"$GPGGA,155644.000,4220.4206,N,07105.4487,W,1,04,3.3,-0.6,M,-33.8,M,,0000*4B"
244,1706630205.0,GPS1_Frame,42.340345,-71.09081166666667,-0.6,327766.09905994637,4689682.565468846,19,T,3.3,"$GPGGA,155645.000,4220.4207,N,07105.4487,W,1,04,3.3,-0.6,M,-33.8,M,,0000*4B"
245,1706630206.0,GPS1_Frame,42.340345,-71.09081166666667,-0.6,327766.09905994637,4689682.565468846,19,T,3.3,"$GPGGA,155646.000,4220.4207,N,07105.4487,W,1,04,3.3,-0.6,M,-33.8,M,,0000*48"
246,1706630207.0,GPS1_Frame,42.340345,-71.09081166666667,-0.5,327766.09905994637,4689682.565468846,19,T,3.3,"$GPGGA,155647.000,4220.4207,N,07105.4487,W,1,04,3.3,-0.5,M,-33.8,M,,0000*4A"
247,1706630208.0,GPS1_Frame,42.340345,-71.09081166666667,-0.5,327766.09905994637,4689682.565468846,19,T,3.3,"$GPGGA,155648.000,4220.4207,N,07105.4487,W,1,04,3.3,-0.5,M,-33.8,M,,0000*45"
248,1706630209.0,GPS1_Frame,42.340345,-71.09081666666667,-0.1,327765.687159831,4689682.575597173,19,T,3.3,"$GPGGA,155649.000,4220.4207,N,07105.4490,W,1,04,3.3,-0.1,M,-33.8,M,,0000*46"
249,1706630210.0,GPS1_Frame,42.340345,-71.09081666666667,-0.1,327765.687159831,4689682.575597173,19,T,3.3,"$GPGGA,155650.000,4220.4207,N,07105.4490,W,1,04,3.3,-0.1,M,-33.8,M,,0000*4E"
250,1706630211.0,GPS1_Frame,42.340345,-71.09081666666667,-0.1,327765.687159831,4689682.575597173,19,T,3.3,"$GPGGA,155651.000,4220.4207,N,07105.4490,W,1,04,3.3,-0.1,M,-33.8,M,,0000*4F"
251,1706630212.0,GPS1_Frame,42.34034666666667,-71.09081666666667,-0.1,327765.6917105925,4689682.760667913,19,T,3.3,"$GPGGA,155652.000,4220.4208,N,07105.4490,W,1,04,3.3,-0.1,M,-33.8,M,,0000*43"
252,1706630213.0,GPS1_Frame,42.34034666666667,-71.09081666666667,-0.0,327765.6917105925,4689682.760667913,19,T,3.3,"$GPGGA,155653.000,4220.4208,N,07105.4490,W,1,04,3.3,-0.0,M,-33.8,M,,0000*43"
253,1706630214.0,GPS1_Frame,42.34034666666667,-71.09081833333333,0.0,327765.5544105583,4689682.764044027,19,T,3.3,"$GPGGA,155654.000,4220.4208,N,07105.4491,W,1,04,3.3,0.0,M,-33.8,M,,0000*68"
254,1706630215.0,GPS1_Frame,42.34034666666667,-71.09081833333333,0.1,327765.5544105583,4689682.764044027,19,T,3.3,"$GPGGA,155655.000,4220.4208,N,07105.4491,W,1,04,3.3,0.1,M,-33.8,M,,0000*68"
255,1706630216.0,GPS1_Frame,42.34034666666667,-71.09081833333333,0.1,327765.5544105583,4689682.764044027,19,T,3.3,"$GPGGA,155656.000,4220.4208,N,07105.4491,W,1,04,3.3,0.1,M,-33.8,M,,0000*6B"
256,1706630217.0,GPS1_Frame,42.34034666666667,-71.09081833333333,0.2,327765.5544105583,4689682.764044027,19,T,3.3,"$GPGGA,155657.000,4220.4208,N,07105.4491,W,1,04,3.3,0.2,M,-33.8,M,,0000*69"
257,1706630218.0,GPS1_Frame,42.34034666666667,-71.09082,0.2,327765.41711052204,4689682.767420145,19,T,3.3,"$GPGGA,155658.000,4220.4208,N,07105.4492,W,1,04,3.3,0.2,M,-33.8,M,,0000*65"
258,1706630219.0,GPS1_Frame,42.34034666666667,-71.09082,0.2,327765.41711052204,4689682.767420145,19,T,3.3,"$GPGGA,155659.000,4220.4208,N,07105.4492,W,1,04,3.3,0.2,M,-33.8,M,,0000*64"
259,1706630220.0,GPS1_Frame,42.34034666666667,-71.09082,0.3,327765.41711052204,4689682.767420145,19,T,3.3,"$GPGGA,155700.000,4220.4208,N,07105.4492,W,1,04,3.3,0.3,M,-33.8,M,,0000*68"
260,1706630221.0,GPS1_Frame,42.34034666666667,-71.09082,0.3,327765.41711052204,4689682.767420145,19,T,3.3,"$GPGGA,155701.000,4220.4208,N,07105.4492,W,1,04,3.3,0.3,M,-33.8,M,,0000*69"
261,1706630222.0,GPS1_Frame,42.34034666666667,-71.09082,0.3,327765.41711052204,4689682.767420145,19,T,3.3,"$GPGGA,155702.000,4220.4208,N,07105.4492,W,1,04,3.3,0.3,M,-33.8,M,,0000*6A"
262,1706630223.0,GPS1_Frame,42.34034833333333,-71.09082,0.4,327765.4216612909,4689682.952490884,19,T,3.3,"$GPGGA,155703.000,4220.4209,N,07105.4492,W,1,04,3.3,0.4,M,-33.8,M,,0000*6D"
263,1706630224.0,GPS1_Frame,42.34034833333333,-71.09083166666667,1.3,327764.46056107036,4689682.976123777,19,T,3.3,"$GPGGA,155704.000,4220.4209,N,07105.4499,W,1,04,3.3,1.3,M,-33.8,M,,0000*67"
264,1706630225.0,GPS1_Frame,42.34034833333333,-71.09083166666667,1.3,327764.46056107036,4689682.976123777,19,T,3.3,"$GPGGA,155705.000,4220.4209,N,07105.4499,W,1,04,3.3,1.3,M,-33.8,M,,0000*66"
265,1706630226.0,GPS1_Frame,42.34035,-71.09083166666667,1.4,327764.46511186485,4689683.161194521,19,T,3.3,"$GPGGA,155706.000,4220.4210,N,07105.4499,W,1,04,3.3,1.4,M,-33.8,M,,0000*6A"
266,1706630227.0,GPS1_Frame,42.34035,-71.09083333333334,1.4,327764.3278118357,4689683.16457066,19,T,3.3,"$GPGGA,155707.000,4220.4210,N,07105.4500,W,1,04,3.3,1.4,M,-33.8,M,,0000*6A"
267,1706630228.0,GPS1_Frame,42.34035,-71.09083333333334,1.4,327764.3278118357,4689683.16457066,19,T,3.3,"$GPGGA,155708.000,4220.4210,N,07105.4500,W,1,04,3.3,1.4,M,-33.8,M,,0000*65"
268,1706630229.0,GPS1_Frame,42.34035,-71.09083333333334,1.5,327764.3278118357,4689683.16457066,19,T,3.3,"$GPGGA,155709.000,4220.4210,N,07105.4500,W,1,04,3.3,1.5,M,-33.8,M,,0000*65"
269,1706630230.0,GPS1_Frame,42.34035,-71.09083333333334,1.5,327764.3278118357,4689683.16457066,19,T,3.3,"$GPGGA,155710.000,4220.4210,N,07105.4500,W,1,04,3.3,1.5,M,-33.8,M,,0000*6D"
270,1706630231.0,GPS1_Frame,42.34035,-71.09083333333334,1.5,327764.3278118357,4689683.16457066,19,T,3.3,"$GPGGA,155711.000,4220.4210,N,07105.4500,W,1,04,3.3,1.5,M,-33.8,M,,0000*6C"
271,1706630232.0,GPS1_Frame,42.34035,-71.09083333333334,1.6,327764.3278118357,4689683.16457066,19,T,3.3,"$GPGGA,155712.000,4220.4210,N,07105.4500,W,1,04,3.3,1.6,M,-33.8,M,,0000*6C"
272,1706630233.0,GPS1_Frame,42.34035,-71.09083333333334,1.6,327764.3278118357,4689683.16457066,19,T,3.3,"$GPGGA,155713.000,4220.4210,N,07105.4500,W,1,04,3.3,1.6,M,-33.8,M,,0000*6D"
273,1706630234.0,GPS1_Frame,42.34034833333333,-71.090845,2.3,327763.36216081836,4689683.003132962,19,T,3.3,"$GPGGA,155714.000,4220.4209,N,07105.4507,W,1,04,3.3,2.3,M,-33.8,M,,0000*63"
274,1706630235.0,GPS1_Frame,42.34034833333333,-71.090845,2.3,327763.36216081836,4689683.003132962,19,T,3.3,"$GPGGA,155715.000,4220.4209,N,07105.4507,W,1,04,3.3,2.3,M,-33.8,M,,0000*62"
275,1706630236.0,GPS1_Frame,42.34034833333333,-71.090845,2.4,327763.36216081836,4689683.003132962,19,T,3.3,"$GPGGA,155716.000,4220.4209,N,07105.4507,W,1,04,3.3,2.4,M,-33.8,M,,0000*66"
276,1706630237.0,GPS1_Frame,42.34034833333333,-71.09085666666667,3.1,327762.40106059634,4689683.026766139,19,T,3.3,"$GPGGA,155717.000,4220.4209,N,07105.4514,W,1,04,3.3,3.1,M,-33.8,M,,0000*61"
277,1706630238.0,GPS1_Frame,42.34034833333333,-71.09085666666667,3.1,327762.40106059634,4689683.026766139,19,T,3.3,"$GPGGA,155718.000,4220.4209,N,07105.4514,W,1,04,3.3,3.1,M,-33.8,M,,0000*6E"
278,1706630239.0,GPS1_Frame,42.34034833333333,-71.09085666666667,3.1,327762.40106059634,4689683.026766139,19,T,3.3,"$GPGGA,155719.000,4220.4209,N,07105.4514,W,1,04,3.3,3.1,M,-33.8,M,,0000*6F"
279,1706630240.0,GPS1_Frame,42.34034833333333,-71.09085666666667,3.2,327762.40106059634,4689683.026766139,19,T,3.3,"$GPGGA,155720.000,4220.4209,N,07105.4514,W,1,04,3.3,3.2,M,-33.8,M,,0000*66"
280,1706630241.0,GPS1_Frame,42.34034833333333,-71.09085666666667,3.2,327762.40106059634,4689683.026766139,19,T,3.3,"$GPGGA,155721.000,4220.4209,N,07105.4514,W,1,04,3.3,3.2,M,-33.8,M,,0000*67"
281,1706630242.0,GPS1_Frame,42.34034833333333,-71.09085666666667,3.2,327762.40106059634,4689683.026766139,19,T,3.3,"$GPGGA,155722.000,4220.4209,N,07105.4514,W,1,04,3.3,3.2,M,-33.8,M,,0000*64"
282,1706630243.0,GPS1_Frame,42.34034833333333,-71.09085666666667,3.2,327762.40106059634,4689683.026766139,19,T,3.3,"$GPGGA,155723.000,4220.4209,N,07105.4514,W,1,04,3.3,3.2,M,-33.8,M,,0000*65"
283,1706630244.0,GPS1_Frame,42.34034833333333,-71.09085833333333,3.3,327762.2637605655,4689683.0301423175,19,T,3.3,"$GPGGA,155724.000,4220.4209,N,07105.4515,W,1,04,3.3,3.3,M,-33.8,M,,0000*62"
284,1706630245.0,GPS1_Frame,42.34034833333333,-71.09085833333333,3.3,327762.2637605655,4689683.0301423175,19,T,3.3,"$GPGGA,155725.000,4220.4209,N,07105.4515,W,1,04,3.3,3.3,M,-33.8,M,,0000*63"
285,1706630246.0,GPS1_Frame,42.34034833333333,-71.09085833333333,3.3,327762.2637605655,4689683.0301423175,19,T,3.3,"$GPGGA,155726.000,4220.4209,N,07105.4515,W,1,04,3.3,3.3,M,-33.8,M,,0000*60"
286,1706630247.0,GPS1_Frame,42.34035,-71.09085833333333,3.3,327762.26831141807,4689683.215213061,19,T,3.3,"$GPGGA,155727.000,4220.4210,N,07105.4515,W,1,04,3.3,3.3,M,-33.8,M,,0000*69"
287,1706630248.0,GPS1_Frame,42.34035,-71.09085833333333,3.4,327762.26831141807,4689683.215213061,19,T,3.3,"$GPGGA,155728.000,4220.4210,N,07105.4515,W,1,04,3.3,3.4,M,-33.8,M,,0000*61"
288,1706630249.0,GPS1_Frame,42.34035,-71.09085833333333,3.4,327762.26831141807,4689683.215213061,19,T,3.3,"$GPGGA,155729.000,4220.4210,N,07105.4515,W,1,04,3.3,3.4,M,-33.8,M,,0000*60"
289,1706630250.0,GPS1_Frame,42.34035,-71.09085833333333,3.4,327762.26831141807,4689683.215213061,19,T,3.3,"$GPGGA,155730.000,4220.4210,N,07105.4515,W,1,04,3.3,3.4,M,-33.8,M,,0000*68"
290,1706630251.0,GPS1_Frame,42.34035,-71.09085833333333,3.4,327762.26831141807,4689683.215213061,19,T,3.3,"$GPGGA,155731.000,4220.4210,N,07105.4515,W,1,04,3.3,3.4,M,-33.8,M,,0000*69"
291,1706630252.0,GPS1_Frame,42.34035,-71.09085833333333,3.5,327762.26831141807,4689683.215213061,19,T,3.3,"$GPGGA,155732.000,4220.4210,N,07105.4515,W,1,04,3.3,3.5,M,-33.8,M,,0000*6B"
292,1706630253.0,GPS1_Frame,42.34035,-71.09085833333333,3.5,327762.26831141807,4689683.215213061,19,T,3.3,"$GPGGA,155733.000,4220.4210,N,07105.4515,W,1,04,3.3,3.5,M,-33.8,M,,0000*6A"
293,1706630254.0,GPS1_Frame,42.34035,-71.09085833333333,3.5,327762.26831141807,4689683.215213061,19,T,3.3,"$GPGGA,155734.000,4220.4210,N,07105.4515,W,1,04,3.3,3.5,M,-33.8,M,,0000*6D"
294,1706630255.0,GPS1_Frame,42.34035,-71.09085833333333,3.6,327762.26831141807,4689683.215213061,19,T,3.3,"$GPGGA,155735.000,4220.4210,N,07105.4515,W,1,04,3.3,3.6,M,-33.8,M,,0000*6F"
295,1706630256.0,GPS1_Frame,42.34035,-71.09086,3.6,327762.13101138873,4689683.2185892435,19,T,3.3,"$GPGGA,155736.000,4220.4210,N,07105.4516,W,1,04,3.3,3.6,M,-33.8,M,,0000*6F"
296,1706630257.0,GPS1_Frame,42.34035,-71.09086,3.6,327762.13101138873,4689683.2185892435,19,T,3.3,"$GPGGA,155737.000,4220.4210,N,07105.4516,W,1,04,3.3,3.6,M,-33.8,M,,0000*6E"
297,1706630258.0,GPS1_Frame,42.34035,-71.09086,3.7,327762.13101138873,4689683.2185892435,19,T,3.3,"$GPGGA,155738.000,4220.4210,N,07105.4516,W,1,04,3.3,3.7,M,-33.8,M,,0000*60"
298,1706630259.0,GPS1_Frame,42.34035,-71.09086,3.7,327762.13101138873,4689683.2185892435,19,T,3.3,"$GPGGA,155739.000,4220.4210,N,07105.4516,W,1,04,3.3,3.7,M,-33.8,M,,0000*61"
299,1706630260.0,GPS1_Frame,42.34035166666666,-71.09086,3.7,327762.13556224504,4689683.403659983,19,T,3.3,"$GPGGA,155740.000,4220.4211,N,07105.4516,W,1,04,3.3,3.7,M,-33.8,M,,0000*6E"
300,1706630261.0,GPS1_Frame,42.34035166666666,-71.09086,3.7,327762.13556224504,4689683.403659983,19,T,3.3,"$GPGGA,155741.000,4220.4211,N,07105.4516,W,1,04,3.3,3.7,M,-33.8,M,,0000*6F"
301,1706630262.0,GPS1_Frame,42.34035166666666,-71.09086,3.8,327762.13556224504,4689683.403659983,19,T,3.3,"$GPGGA,155742.000,4220.4211,N,07105.4516,W,1,04,3.3,3.8,M,-33.8,M,,0000*63"
302,1706630263.0,GPS1_Frame,42.340355,-71.09085833333333,4.2,327762.28196397657,4689683.770425284,19,T,3.3,"$GPGGA,155743.000,4220.4213,N,07105.4515,W,1,04,3.3,4.2,M,-33.8,M,,0000*6E"
303,1706630264.0,GPS1_Frame,42.340356666666665,-71.09085666666667,4.5,327762.4238148425,4689683.952119845,19,T,3.3,"$GPGGA,155744.000,4220.4214,N,07105.4514,W,1,04,3.3,4.5,M,-33.8,M,,0000*68"
304,1706630265.0,GPS1_Frame,42.34036,-71.09085333333333,4.9,327762.70751655486,4689684.315508978,19,T,3.3,"$GPGGA,155745.000,4220.4216,N,07105.4512,W,1,04,3.3,4.9,M,-33.8,M,,0000*61"
305,1706630266.0,GPS1_Frame,42.340363333333336,-71.09085166666667,5.3,327762.85391824064,4689684.68227429,19,T,3.3,"$GPGGA,155746.000,4220.4218,N,07105.4511,W,1,04,3.3,5.3,M,-33.8,M,,0000*64"
306,1706630267.0,GPS1_Frame,42.34036833333333,-71.09084666666666,5.8,327763.2794707229,4689685.227358017,19,T,3.3,"$GPGGA,155747.000,4220.4221,N,07105.4508,W,1,04,3.3,5.8,M,-33.8,M,,0000*6C"
307,1706630268.0,GPS1_Frame,42.34037166666667,-71.090845,6.4,327763.4258723608,4689685.594123339,19,T,3.3,"$GPGGA,155748.000,4220.4223,N,07105.4507,W,1,04,3.3,6.4,M,-33.8,M,,0000*61"
308,1706630269.0,GPS1_Frame,42.340375,-71.09084333333334,6.9,327763.5722739847,4689685.960888664,19,T,3.3,"$GPGGA,155749.000,4220.4225,N,07105.4506,W,1,04,3.3,6.9,M,-33.8,M,,0000*6A"
309,1706630270.0,GPS1_Frame,42.340381666666666,-71.09083833333334,7.6,327764.00237715093,4689686.691043175,19,T,3.3,"$GPGGA,155750.000,4220.4229,N,07105.4503,W,1,04,3.3,7.6,M,-33.8,M,,0000*65"
310,1706630271.0,GPS1_Frame,42.34039,-71.09082666666667,8.2,327764.9862307974,4689687.59276391,19,T,3.3,"$GPGGA,155751.000,4220.4234,N,07105.4496,W,1,04,3.3,8.2,M,-33.8,M,,0000*6E"
311,1706630272.0,GPS1_Frame,42.34039666666666,-71.09081666666667,8.7,327765.8282335051,4689688.312790148,19,T,3.3,"$GPGGA,155752.000,4220.4238,N,07105.4490,W,1,04,3.3,8.7,M,-33.8,M,,0000*62"
312,1706630273.0,GPS1_Frame,42.340403333333335,-71.09080833333333,9.2,327766.5329361276,4689689.036192583,19,T,3.3,"$GPGGA,155753.000,4220.4242,N,07105.4485,W,1,04,3.3,9.2,M,-33.8,M,,0000*6E"
313,1706630274.0,GPS1_Frame,42.340403333333335,-71.09080833333333,9.3,327766.5329361276,4689689.036192583,19,T,3.3,"$GPGGA,155754.000,4220.4242,N,07105.4485,W,1,04,3.3,9.3,M,-33.8,M,,0000*68"
314,1706630275.0,GPS1_Frame,42.340403333333335,-71.09080833333333,9.3,327766.5329361276,4689689.036192583,19,T,3.3,"$GPGGA,155755.000,4220.4242,N,07105.4485,W,1,04,3.3,9.3,M,-33.8,M,,0000*69"
315,1706630276.0,GPS1_Frame,42.340403333333335,-71.09080833333333,9.3,327766.5329361276,4689689.036192583,19,T,3.3,"$GPGGA,155756.000,4220.4242,N,07105.4485,W,1,04,3.3,9.3,M,-33.8,M,,0000*6A"
316,1706630277.0,GPS1_Frame,42.340403333333335,-71.09080833333333,9.3,327766.5329361276,4689689.036192583,19,T,3.3,"$GPGGA,155757.000,4220.4242,N,07105.4485,W,1,04,3.3,9.3,M,-33.8,M,,0000*6B"
317,1706630278.0,GPS1_Frame,42.340408333333336,-71.09080166666666,9.8,327767.0957879764,4689689.577900429,19,T,3.3,"$GPGGA,155758.000,4220.4245,N,07105.4481,W,1,04,3.3,9.8,M,-33.8,M,,0000*6C"
318,1706630279.0,GPS1_Frame,42.34041333333333,-71.09079833333334,10.4,327767.38403995754,4689690.126360482,19,T,3.3,"$GPGGA,155759.000,4220.4248,N,07105.4479,W,1,04,3.3,10.4,M,-33.8,M,,0000*53"
319,1706630280.0,GPS1_Frame,42.34041833333333,-71.09079333333334,10.9,327767.8095917763,4689690.671444469,19,T,3.3,"$GPGGA,155800.000,4220.4251,N,07105.4476,W,1,04,3.3,10.9,M,-33.8,M,,0000*5A"
320,1706630281.0,GPS1_Frame,42.340421666666664,-71.09079,11.5,327768.0932929559,4689691.0348338075,19,T,3.3,"$GPGGA,155801.000,4220.4253,N,07105.4474,W,1,04,3.3,11.5,M,-33.8,M,,0000*56"
321,1706630282.0,GPS1_Frame,42.340426666666666,-71.09078833333334,11.9,327768.2442449442,4689691.586669965,19,T,3.3,"$GPGGA,155802.000,4220.4256,N,07105.4473,W,1,04,3.3,11.9,M,-33.8,M,,0000*5B"
322,1706630283.0,GPS1_Frame,42.34043,-71.09078333333333,12.3,327768.6652459195,4689691.946683259,19,T,3.3,"$GPGGA,155803.000,4220.4258,N,07105.4470,W,1,04,3.3,12.3,M,-33.8,M,,0000*5E"
323,1706630284.0,GPS1_Frame,42.34043333333333,-71.09078166666667,12.8,327768.8116471573,4689692.313448685,19,T,3.3,"$GPGGA,155804.000,4220.4260,N,07105.4469,W,1,04,3.3,12.8,M,-33.8,M,,0000*51"
324,1706630287.062,GPS1_Frame,42.34043666666667,-71.090775,13.3,327769.36994789867,4689692.670085962,19,T,3.3,"$GPGGA,155807.062,4220.4262,N,07105.4465,W,1,04,3.3,13.3,M,-33.8,M,,0000*52"
325,1706630288.062,GPS1_Frame,42.34043833333333,-71.09077166666667,13.4,327769.64909824776,4689692.848404615,19,T,3.3,"$GPGGA,155808.062,4220.4263,N,07105.4463,W,1,04,3.3,13.4,M,-33.8,M,,0000*5D"
326,1706630289.0,GPS1_Frame,42.34043833333333,-71.09076833333333,13.5,327769.92369791795,4689692.841652539,19,T,3.3,"$GPGGA,155809.000,4220.4263,N,07105.4461,W,1,04,3.3,13.5,M,-33.8,M,,0000*5B"
327,1706630290.0,GPS1_Frame,42.34044,-71.090765,13.6,327770.2028482431,4689693.019971214,19,T,3.3,"$GPGGA,155810.000,4220.4264,N,07105.4459,W,1,04,3.3,13.6,M,-33.8,M,,0000*5C"
